wine_name,year,rating,num_reviews,price,wine_id
Tinto,2013,4.9,58,995.0,1
Vina El Pison,2018,4.9,31,313.5,2
Unico,2009,4.8,1793,324.95,3
Unico,1999,4.8,1705,692.96,4
Unico,1996,4.8,1309,778.06,5
Unico,1998,4.8,1209,490.0,6
Unico,2010,4.8,1201,349.0,7
Unico,1995,4.8,926,810.89,8
Unico Reserva Especial Edicion,2015,4.8,643,345.0,9
Unico,2011,4.8,630,315.0,10
Unico Reserva Especial Edicion,2016,4.8,591,514.85,11
El Anejon,2016,4.8,454,105.15,12
Unico Reserva Especial Edicion,2018,4.8,438,430.0,13
Unico,1970,4.8,417,925.0,14
Don PX Convento Seleccion,1946,4.8,398,350.0,15
Cuesta de Las Liebres,2015,4.8,372,166.18,16
Unico,1962,4.8,295,1620.0,17
Unico Reserva Especial Edicion,2019,4.8,250,431.36,18
El Nido,2018,4.8,217,195.627379550654,19
Unico Reserva Especial Edicion,2004,4.8,211,824.43,20
Toneles Moscatel,N.V.,4.8,174,253.0,21
Unico Reserva Especial Edicion,2013,4.8,172,570.51,22
Pingus,2016,4.8,145,1280.0,23
Don PX Convento Seleccion,1931,4.8,139,244.85,24
Unico Reserva Especial Edicion,2010,4.8,125,719.34,25
Unico,1979,4.8,118,815.0,26
Don PX Pedro Ximenez,1946,4.8,103,285.86,27
L'Ermita Velles Vinyes Priorat,2004,4.8,87,1410.26,28
Unico Reserva Especial Edicion,2005,4.8,87,813.96,29
Unico Reserva Especial Edicion,2020,4.8,84,435.75,30
Vatan Arena Tinta de Toro,2014,4.8,79,369.05,31
Unico Reserva Especial Edicion,1985,4.8,70,1182.77,32
Don PX Convento Seleccion,1929,4.8,69,227.95,33
Ribera Del Duero Gran Reserva 12 Anos,1999,4.8,68,999.0,34
Pesus Ribera del Duero,2007,4.8,68,360.0,35
Tinto,2012,4.8,56,1190.0,36
Pingus,2017,4.8,52,1150.0,37
Tinto,2009,4.8,50,950.0,38
L'Ermita Velles Vinyes Priorat,2008,4.8,40,1021.21,39
Magico,2016,4.8,40,544.5,40
Tinto,2011,4.8,32,1295.0,41
L'Ermita Velles Vinyes Priorat,2017,4.8,31,992.2,42
Tinto,2015,4.8,28,1289.44,43
La Faraona Bierzo (Corullon),2017,4.8,26,1098.9,44
Gran Reserva 890,1985,4.8,26,215.34,45
L'Ermita Velles Vinyes Priorat,2018,4.8,26,1094.9,46
Unico Reserva Especial Edicion,,4.7,12421,423.5,47
Valbuena 5o,2010,4.7,5266,239.5,48
Valbuena 5o,2014,4.7,4350,175.5,49
Valbuena 5o,2006,4.7,3929,194.0,50
Unico,2005,4.7,3437,381.15,51
Unico,2004,4.7,3164,584.43,52
Unico,2000,4.7,3127,555.2,53
Unico,2007,4.7,2935,445.28,54
Valbuena 5o,2015,4.7,2826,189.0,55
Unico,2006,4.7,2765,362.25,56
Unico,2008,4.7,2480,289.0,57
Unico,2003,4.7,2419,325.0,58
Valbuena 5o,2016,4.7,2177,107.57,59
Valbuena 5o,2005,4.7,1892,234.0,60
Unico,2002,4.7,1199,500.94,61
Unico,1991,4.7,1141,698.9,62
Unico,1994,4.7,940,872.47,63
Unico Reserva Especial Edicion,2000,4.7,935,877.85,64
Unico,1990,4.7,690,827.94,65
Cuesta de Las Liebres,2014,4.7,685,113.18,66
Unico,1989,4.7,675,679.72,67
Unico,1987,4.7,593,787.59,68
Unico Reserva Especial Edicion,2017,4.7,560,480.06,69
El Anejon,2015,4.7,543,75.1,70
El Nido,2014,4.7,511,154.9,71
El Nido,2013,4.7,476,145.0,72
Unico Reserva Especial Edicion,1996,4.7,442,290.0,73
Castillo Ygay Gran Reserva Especial Blanco,1986,4.7,425,795.0,74
El Nido,2016,4.7,393,371.78009750522,75
El Nido,2008,4.7,347,134.19,76
La Nieta,2015,4.7,312,82.58,77
Unico,1981,4.7,308,873.86,78
Unico Reserva Especial Edicion,2007,4.7,303,774.4,79
Malleolus de Valderramiro,2016,4.7,300,84.95,80
Pingus,2001,4.7,295,940.0,81
Unico,1986,4.7,292,812.63,82
Malleolus de Sanchomartin,2016,4.7,291,116.54,83
Pingus,2004,4.7,285,1500.0,84
Pingus,2006,4.7,280,1190.0,85
El Nido,2017,4.7,268,154.85,86
Alabaster,2016,4.7,264,135.0,87
La Mula de la Quietud,2015,4.7,256,63.75,88
Unico,1985,4.7,254,827.94,89
Terreus Paraje de Cueva Baja,2017,4.7,251,66.07,90
Contador Rioja,2012,4.7,243,213.9,91
Maria Remirez de Ganuza,2006,4.7,240,234.9,92
Unico,1968,4.7,225,2087.25,93
La Nieta,2018,4.7,220,89.9,94
Unico,1964,4.7,214,1384.54,95
Unico,1982,4.7,205,820.98,96
Pingus,2015,4.7,203,1250.0,97
Unico Reserva Especial Edicion,1995,4.7,196,1500.0,98
Pingus,1999,4.7,184,1715.18,99
Unico,1974,4.7,173,932.3,100
L'Ermita Velles Vinyes Priorat,1998,4.7,171,1372.14,101
Cartago Paraje de Pozo,2015,4.7,137,78.9,102
Unico Reserva Especial Edicion,2012,4.7,136,660.96,103
Parcela El Picon Tinto,2009,4.7,134,154.0,104
Valbuena 5o,2017,4.7,133,134.89,105
L'Ermita Velles Vinyes Priorat,2000,4.7,132,1422.96,106
Termanthia,2005,4.7,131,207.11,107
Unico Reserva Especial Edicion,2011,4.7,131,340.49,108
Clon De La Familia,2010,4.7,127,317.63,109
Aquilon Garnacha,2011,4.7,123,108.9,110
Unico,1983,4.7,118,700.0,111
Don PX Convento Seleccion,1955,4.7,117,185.0,112
Unico,1980,4.7,116,911.43,113
Contador Rioja,2005,4.7,112,1150.0,114
Unico,1972,4.7,110,698.95,115
Termanthia,2004,4.7,108,2814.16,116
Tinto,2010,4.7,102,1325.0,117
Quinon de Valmira,2015,4.7,102,527.26,118
Unico Reserva Especial Edicion,1987,4.7,100,1071.45,119
1902 Centenary Carignan Priorat,2015,4.7,94,299.0,120
Tintilla de Rota,2016,4.7,92,43.13,121
Unico,1953,4.7,89,1207.6,122
Cirsion Rioja,2000,4.7,87,175.0,123
L'Ermita Velles Vinyes Priorat,2015,4.7,82,1252.35,124
El Nido,2019,4.7,80,145.9,125
1902 Centenary Carignan Priorat,2013,4.7,74,447.95,126
Unico Reserva Especial Edicion,2006,4.7,72,813.96,127
L'Ermita Velles Vinyes Priorat,2005,4.7,67,1410.26,128
Cami Pesseroles,2006,4.7,65,182.9,129
Turo d'en Mota,2007,4.7,64,99.0,130
Unico Reserva Especial Edicion,1986,4.7,63,1113.2,131
Priorat,2007,4.7,60,654.31,132
Parcela El Picon Tinto,2016,4.7,59,134.26,133
Reliquia Palo Cortado Sherry,N.V.,4.7,58,380.0,134
Gran Reserva 890,1982,4.7,57,292.09,135
Anada Palo Cortado 1987,1987,4.7,53,400.85,136
Daphne Glorian Red,2007,4.7,51,202.01,137
Don PX Pedro Ximenez,1955,4.7,50,250.0,138
La Nieta,2019,4.7,49,88.9,139
El Regollar,2016,4.7,49,77.9,140
Don PX Convento Seleccion,1958,4.7,47,191.61,141
Alabaster,2018,4.7,45,123.89,142
Abuelo Diego Palo Cortado,N.V.,4.7,42,114.28,143
La Bota 78 de Oloroso,N.V.,4.7,41,95.57,144
Touran,2018,4.7,41,93.95,145
Luthier Gran Reserva,2012,4.7,40,248.0,146
Vina El Pison,1995,4.7,39,397.0,147
Sorte O Soro Val do Bibei,2019,4.7,37,194.86,148
Reserva Particular de Recaredo Brut Nature,2011,4.7,35,65.05,149
Terreus Paraje de Cueva Baja,2019,4.7,33,86.9,150
Pesus Ribera del Duero,2004,4.7,32,472.5,151
Usted,2010,4.7,31,379.0,152
Gran Reserva,2001,4.7,31,185.15,153
Regina Vides Ribera del Duero,1998,4.7,30,94.2,154
La Loma,2018,4.7,29,46.0,155
L'Ermita Velles Vinyes Priorat,2016,4.7,28,919.6,156
Recondita Armonia Monastrell Dulce,1987,4.7,27,81.9,157
Castillo Ygay Gran Reserva Especial Tinto,1942,4.7,27,680.0,158
Valbuena 5o,2011,4.6,6803,218.0,159
Valbuena 5o,2012,4.6,5938,177.0,160
Valbuena 5o,2008,4.6,5545,187.3,161
Valbuena 5o,2007,4.6,5116,195.59,162
Valbuena 5o,2013,4.6,4747,135.0,163
Valbuena 5o,2009,4.6,4685,225.2,164
Ribera del Duero,2016,4.6,4516,79.8,165
PS (Pagos Seleccionados) Ribera del Duero,2017,4.6,3383,116.187943627787,166
PS (Pagos Seleccionados) Ribera del Duero,2018,4.6,3239,89.3,167
Castillo Ygay Gran Reserva Especial Tinto,2010,4.6,2416,438.9,168
Ribera del Duero,2017,4.6,2208,79.9,169
Valbuena 5o,2004,4.6,1608,249.0,170
Flor de Pingus,2018,4.6,1363,129.95,171
PS (Pagos Seleccionados) Ribera del Duero,2019,4.6,1108,76.95,172
Valbuena 5o,2000,4.6,1015,252.0,173
Valbuena 5o,2002,4.6,936,232.0,174
Termanthia,2012,4.6,840,214.0,175
Termanthia,2011,4.6,790,205.0,176
Pago De Valtarrena,2015,4.6,700,49.95,177
Malleolus de Sanchomartin,2011,4.6,693,125.0,178
Valbuena 5o,1999,4.6,595,276.8,179
Malleolus de Valderramiro,2015,4.6,516,75.0,180
Pingus,2010,4.6,410,1359.75,181
Cuesta de Las Liebres,2010,4.6,405,81.5,182
Pingus,2012,4.6,400,890.0,183
El Titan del Bendito,2015,4.6,388,43.5,184
Malleolus de Sanchomartin,2015,4.6,369,99.0,185
Pingus,2013,4.6,323,1198.72,186
Terreus Paraje de Cueva Baja,2015,4.6,313,94.95,187
Terreus Paraje de Cueva Baja,2016,4.6,304,89.0,188
Pingus,2005,4.6,293,1785.96,189
La Nieta,2017,4.6,286,108.21,190
Vina El Pison,2006,4.6,274,391.5,191
Pingus,1998,4.6,244,1350.0,192
Cirsion Rioja,2007,4.6,242,145.0,193
Cirsion Rioja,2012,4.6,231,173.38,194
Contador Rioja,2011,4.6,225,220.0,195
Dalmau Rioja,2017,4.6,222,85.7,196
Unico,1965,4.6,218,2884.04,197
Finca el Bosque,2015,4.6,214,79.9,198
Pago de Santa Cruz,2018,4.6,211,68.7,199
Pingus,2003,4.6,205,1638.95,200
Clos Fonta Priorat,2004,4.6,202,150.0,201
Pago De Valtarrena,2016,4.6,200,48.95,202
Parcela El Picon Tinto,2014,4.6,197,109.41,203
Malleolus de Sanchomartin,2014,4.6,186,119.0,204
Valbuena 5o,1992,4.6,176,195.0,205
Pingus,2014,4.6,172,1595.0,206
Vina El Pison,2010,4.6,169,519.55,207
Parcela El Picon Tinto,2012,4.6,165,89.0,208
Vina El Pison,2011,4.6,165,511.9,209
L'Ermita Velles Vinyes Priorat,1999,4.6,164,980.0,210
Cuvee N Vinas Viejas,2015,4.6,160,73.0,211
Vina El Pison,2012,4.6,159,280.0,212
Unico,1973,4.6,157,932.3,213
Contador Rioja,2014,4.6,157,251.99,214
Cartago Paraje de Pozo,2014,4.6,153,61.69,215
L'Ermita Velles Vinyes Priorat,1996,4.6,150,1372.14,216
Termanthia,2014,4.6,147,210.5,217
Valbuena 5o,1985,4.6,146,285.0,218
Ribera del Duero Prestigio Pago de las Solanas,2001,4.6,145,245.75,219
Valbuena 5o,1989,4.6,143,228.57,220
Contador Rioja,2015,4.6,143,319.9,221
Vina El Pison,2005,4.6,142,325.0,222
Nit de Nin Mas d'en Cacador,2011,4.6,139,345.0,223
VS,2018,4.6,136,58.9,224
Maria Remirez de Ganuza,2005,4.6,136,159.0,225
Blecua Somontano,2013,4.6,135,69.9,226
Unico Reserva Especial Edicion,1989,4.6,133,895.4,227
Alabaster,2017,4.6,131,147.85,228
Terreus Paraje de Cueva Baja,2018,4.6,128,88.05,229
L'Ermita Velles Vinyes Priorat,1997,4.6,127,1080.0,230
Frank Gehry Selection,2001,4.6,124,301.0,231
Vina El Pison,2014,4.6,124,275.0,232
Unico,1967,4.6,123,1106.24,233
Amaya Arzuaga (Coleccion),2016,4.6,123,64.9,234
Pingus,2000,4.6,122,1503.0,235
L'Ermita Velles Vinyes Priorat,1995,4.6,122,1372.14,236
Vina El Pison,2015,4.6,122,241.55,237
La Creu Alta,2013,4.6,116,89.17,238
Unico,1975,4.6,115,769.9,239
Tinto,2019,4.6,114,67.94,240
5o Ano Ribera del Duero Tinto,2016,4.6,113,44.0,241
Vina El Pison,2009,4.6,113,445.0,242
Planots Priorat,2010,4.6,112,87.02,243
Unico Reserva Especial Edicion,2009,4.6,111,747.17,244
El Titan del Bendito,2018,4.6,111,49.95,245
Capitel,2018,4.6,107,50.51,246
Gran Arzuaga Ribera del Duero,2004,4.6,105,157.4,247
Aquilon Garnacha,2015,4.6,105,120.9,248
Pingus,1996,4.6,102,1746.94,249
Horcajo,2015,4.6,100,75.3,250
Pago De Valtarrena,2018,4.6,99,47.5,251
Unico,2012,4.6,98,359.9,252
Tinto,2019,4.6,97,43.5,253
Aurus,2005,4.6,95,136.0,254
Dolc de L'Obac,2006,4.6,94,117.239420060872,255
Parcela El Picon Tinto,2011,4.6,93,135.0,256
Trasnocho,2013,4.6,91,82.5,257
Cirsion Rioja,2017,4.6,90,149.9,258
Tinto,2008,4.6,87,1260.0,259
Doroteo Edicion Especial 25 Aniversario,2015,4.6,86,59.0,260
Tierra Alta de 2 Racimos Gran Reserva,2011,4.6,85,82.5,261
Castillo Ygay Gran Reserva Especial Tinto,2011,4.6,85,195.0,262
Valbuena 5o,1980,4.6,84,195.0,263
Reserva Especial Ribera del Duero,2016,4.6,83,54.5,264
Reserva Especial,2015,4.6,80,79.1,265
Gran Buig Priorat,2004,4.6,79,272.0,266
Finca Garbet,2014,4.6,75,99.0,267
Solera India Oloroso Rare Sherry,N.V.,4.6,74,189.99,268
Clon De La Familia,2011,4.6,72,317.63,269
Amancio,2007,4.6,70,399.6,270
Gines Liebana Pedro Ximenez,1910,4.6,70,701.05,271
Reserva Particular de Recaredo Brut Nature,2008,4.6,69,74.9,272
Priorat,2008,4.6,66,654.31,273
Valbuena 5o,1983,4.6,66,247.75,274
Don PX Seleccion,1965,4.6,65,144.99,275
L'Ermita Velles Vinyes Priorat,2001,4.6,65,945.0,276
Reserva,2017,4.6,64,50.0,277
Finca Las Naves,2016,4.6,63,126.64,278
AAA,2008,4.6,63,162.38,279
Vina del Olivo,2001,4.6,60,81.0,280
L'Ermita Velles Vinyes Priorat,2010,4.6,60,2750.0,281
Dalmau Rioja,2001,4.6,59,121.0,282
Les Aubaguetes Priorat,2016,4.6,59,355.95,283
Cava Enoteca Finca La Plana Brut Nature,2001,4.6,58,164.66,284
Aquilon Garnacha,2016,4.6,58,120.9,285
Gran Reserva Penas Aladas,2014,4.6,58,218.9,286
Pena Lobera,2016,4.6,57,65.95,287
La Creu Alta,2014,4.6,53,86.0,288
Adega do Moucho Treixadura,2017,4.6,53,34.5,289
Son Negre,2007,4.6,51,282.65,290
1902 Centenary Carignan Priorat,2017,4.6,51,259.9,291
Unico,1961,4.6,50,1099.28,292
Casa Cisca Monastrell,2016,4.6,49,35.0,293
Moncerbal Bierzo (Corullon),2016,4.6,48,269.95,294
Capricho,2014,4.6,47,27.2693427,295
Pingus,2018,4.6,47,1250.0,296
Cerrado del Castillo Rioja,2016,4.6,47,52.95,297
Kalamity Rioja,2018,4.6,46,114.95,298
Conde de Aldama Amontillado,N.V.,4.6,46,89.9,299
Valbuena 5o,1979,4.6,46,195.0,300
Respeto,2015,4.6,45,29.35,301
El Garnacho Viejo de la Familia Acha,2014,4.6,45,79.9,302
Ribera del Duero Prestigio,2016,4.6,45,53.95,303
Finca Misenhora Edicion Limitada,2018,4.6,44,26.2,304
1902 Centenary Carignan Priorat,2016,4.6,43,270.44,305
La Poza de Ballesteros,2009,4.6,42,187.5,306
Reserva Rioja (Finca Ygay),1954,4.6,42,210.0,307
Reserva Especial,2016,4.6,41,85.63,308
Vina El Pison,2017,4.6,41,304.54,309
Idus,2020,4.6,41,34.3,310
Priorat,2003,4.6,41,993.28,311
Amancio,2017,4.6,40,85.95,312
Rosado de Larrainzar,2020,4.6,39,12.0,313
Clon De La Familia,2015,4.6,39,249.9,314
Unico Reserva Especial Edicion,1982,4.6,39,1238.43,315
Finca el Bosque,2002,4.6,38,128.0,316
Valdafoz Bierzo (Corullon),2011,4.6,38,135.5,317
Tinto,2019,4.6,38,40.5,318
Tintilla de Rota,2017,4.6,37,43.1,319
La Creu Alta,2017,4.6,36,85.0,320
Rioja Gran Reserva,1986,4.6,35,123.0,321
Valdegatiles Ribera del Duero,2012,4.6,34,106.35,322
Don PX Seleccion,1962,4.6,34,207.0,323
Respublica Verdejo,2016,4.6,33,75.95,324
Gran Reserva Penas Aladas,2015,4.6,33,185.3,325
Les Tosses,2016,4.6,33,205.95,326
Torremilanos Coleccion Ribera del Duero,2016,4.6,32,40.45,327
El Carretil,2017,4.6,32,176.89,328
Taberner No. 1,2013,4.6,32,79.9,329
Vina Motulleri,2011,4.6,30,79.0,330
Saktih,2013,4.6,30,195.27,331
Cuvee Palomar,2017,4.6,30,58.9,332
L'Ermita Velles Vinyes Priorat,2014,4.6,30,1660.0,333
Valdegatiles Ribera del Duero,2013,4.6,29,111.9,334
Respeto,2017,4.6,29,29.95,335
Uno Tinto,2010,4.6,28,129.9,336
Macan,2017,4.6,28,69.95,337
1903 Centenary Grenache,2016,4.6,28,299.0,338
La Faraona Bierzo (Corullon),2010,4.6,28,3119.08,339
Galiano Seleccion Especial,2013,4.6,28,99.95,340
Molino Real,2016,4.6,28,41.69,341
Son Negre,2004,4.6,27,374.35,342
5o Ano Ribera del Duero Tinto,2017,4.6,27,46.45,343
L'Ermita Velles Vinyes Priorat,2011,4.6,27,2750.0,344
Etern Vinyes Molt Velles,2016,4.6,26,42.5,345
40 Aniversario Gran Reserva,2012,4.6,25,95.0,346
Solera BC-200,N.V.,4.6,25,197.3,347
Corpinnat Enoteca Reserva Particular de Recaredo,2004,4.6,25,130.0,348
Don PX Pedro Ximenez,1968,4.6,25,181.5,349
Tinto,2016,4.5,7529,29.8,350
Ribera del Duero,2013,4.5,7435,73.0,351
Ribera del Duero,2014,4.5,7237,56.27,352
Toro,2014,4.5,5863,69.0,353
Tinto,2018,4.5,5372,45.0,354
Ribera del Duero,2015,4.5,5365,75.0,355
Toro,2015,4.5,4979,69.8,356
Tinto,2017,4.5,4935,121.936825872994,357
PS (Pagos Seleccionados) Ribera del Duero,2016,4.5,4411,78.65,358
Castillo Ygay Gran Reserva Especial Tinto,2005,4.5,3521,400.0,359
Gran Reserva 890,2005,4.5,3443,125.0,360
Castillo Ygay Gran Reserva Especial Tinto,2009,4.5,3148,229.0,361
Toro,2016,4.5,3118,40.41,362
Flor de Pingus,2016,4.5,2887,101.94,363
PS (Pagos Seleccionados) Ribera del Duero,2015,4.5,2858,172.5,364
Clio,2015,4.5,2712,33.2,365
Flor de Pingus,2014,4.5,2710,125.0,366
Flor de Pingus,2010,4.5,2551,125.0,367
Flor de Pingus,2015,4.5,2530,125.0,368
Clio,2016,4.5,2228,31.75,369
Clio,2017,4.5,2220,39.5,370
PS (Pagos Seleccionados) Ribera del Duero,2011,4.5,2207,64.0,371
Tinto,2019,4.5,2144,33.8,372
Macan,2014,4.5,1910,58.95,373
Tinto,2018,4.5,1864,33.25,374
Clio,2018,4.5,1520,61.8491765262698,375
Garnacha,2017,4.5,1503,44.27,376
Parcela El Nogal Tinto,2015,4.5,1393,45.9,377
Valbuena 5o,2003,4.5,1346,239.2,378
Macan,2015,4.5,1345,68.9,379
Ribera del Duero,2003,4.5,1236,164.0,380
Belondrade y Lurton,2018,4.5,1192,32.85,381
Parcela El Nogal Tinto,2014,4.5,1163,40.95,382
Reserva,2014,4.5,1148,69.5803235920536,383
Flor de Pingus,2017,4.5,1094,110.0,384
Rioja Reserva,2012,4.5,1089,49.75,385
Prado Enea Gran Reserva,2014,4.5,1014,51.0,386
Rioja Reserva,2011,4.5,1012,59.9,387
Gran Reserva 890,2004,4.5,990,290.7,388
Belondrade y Lurton,2019,4.5,961,37.7,389
Priorat,2015,4.5,955,146.95,390
Pedro Ximenez Tradicion 20 Years Old Vos,N.V.,4.5,854,68.9,391
Torre Muga,2016,4.5,838,70.5,392
Macan,2016,4.5,813,64.0,393
Termanthia,2010,4.5,729,168.0,394
Malleolus de Valderramiro,2011,4.5,719,173.95,395
Priorat,2017,4.5,666,65.0,396
Dalmau Rioja,2014,4.5,642,67.6,397
Reserva,2015,4.5,629,53.95,398
Parcela El Nogal Tinto,2016,4.5,595,42.95,399
Gran Reserva 890,1995,4.5,574,127.23,400
Clio,2019,4.5,550,47.3,401
Aro,2015,4.5,529,169.4,402
Gran Reserva,2007,4.5,529,121.838963251908,403
San Vicente Rioja,2017,4.5,505,34.8,404
Ribera del Duero TSM,2017,4.5,503,55.35,405
Pago de Santa Cruz,2016,4.5,501,75.95,406
Ribera Del Duero Reserva Premium 6 Anos,2011,4.5,500,48.7,407
Trasnocho,2012,4.5,499,118.89,408
Clos de L'Obac,2005,4.5,493,92.8716274104906,409
Valbuena 5o,1996,4.5,488,290.4,410
Reserva Ribera del Duero,2017,4.5,477,31.8,411
Gran Reserva 890,2010,4.5,469,149.5,412
Ribera Del Duero,2018,4.5,462,35.85,413
Pago de Santa Cruz,2015,4.5,420,82.95,414
Ribera Del Duero Reserva Premium 6 Anos,2012,4.5,406,59.0,415
Bruto,2018,4.5,384,37.7,416
Culmen Reserva Rioja,2015,4.5,365,42.75,417
Cirsion Rioja,2016,4.5,353,175.57,418
Priorat,2018,4.5,336,61.64,419
Bruto,2017,4.5,322,30.7,420
VS,2017,4.5,318,56.5,421
Termanthia,2013,4.5,316,207.11,422
Trasnocho,2011,4.5,301,110.5,423
Reserva,2016,4.5,297,55.95,424
Vina Tondonia Gran Reserva,1995,4.5,292,170.0,425
Petit Verdot,2015,4.5,286,107.9,426
5o Ano Ribera del Duero Tinto,2011,4.5,264,69.9,427
El Titan del Bendito,2017,4.5,261,49.5,428
Petit Verdot,2014,4.5,249,176.98,429
Amancio,2012,4.5,246,90.0,430
Clos Martinet,2014,4.5,230,65.0,431
Trasnocho,2006,4.5,229,95.0,432
Tinto,2009,4.5,229,39.0,433
Ribera del Duero,1995,4.5,226,193.0,434
Aro,2016,4.5,222,174.91,435
Valbuena 5o,1987,4.5,221,312.0,436
Tinto,2018,4.5,218,52.9,437
Pago de Santa Cruz,2017,4.5,217,40.9,438
Tinto,2013,4.5,214,157.95,439
Millenium Gran Reserva,2015,4.5,213,77.5,440
Regina Vides Ribera del Duero,2011,4.5,213,116.0,441
Finca Dofi,2006,4.5,207,75.0,442
Gran Reserva Ribera del Duero,2015,4.5,205,80.98,443
Vina del Olivo,2017,4.5,203,64.5,444
Flor de Pingus,2019,4.5,201,118.5,445
Seleccio Especial Vinyes Velles,2015,4.5,197,64.0,446
Priorat,2003,4.5,196,95.0,447
Calvario Rioja,2009,4.5,194,125.97,448
Ribera del Duero Una Cepa I,2017,4.5,194,26.5,449
Ribera del Duero Prestigio,2015,4.5,190,54.01,450
Regina Vides Ribera del Duero,2014,4.5,189,104.9,451
Grans Muralles,2015,4.5,189,170.5,452
Pesus Ribera del Duero,2014,4.5,189,315.0,453
Gran Vino Albarino,2019,4.5,188,34.9,454
Reserva Especial Ribera del Duero,2015,4.5,187,51.5,455
Cuatro Palmas Amontillado,N.V.,4.5,186,112.26,456
Pago Garduna,2016,4.5,186,71.85,457
Belondrade y Lurton,2020,4.5,184,38.9,458
Toro,2017,4.5,178,54.09,459
La Cueva del Contador Rioja,2017,4.5,174,67.9,460
Finca el Bosque,2016,4.5,173,80.95,461
Solera 1830 Pedro Ximenez,N.V.,4.5,171,114.5,462
Que Bonito Cacareaba Blanco,2018,4.5,170,50.34,463
5o Ano Ribera del Duero Tinto,2014,4.5,165,57.96,464
Baron de Chirel Rioja Reserva,2016,4.5,163,73.62,465
Capitel,2016,4.5,162,144.78,466
Turo d'en Mota,2005,4.5,161,90.0,467
Amancio,2015,4.5,156,89.95,468
Regina Vides Ribera del Duero,2015,4.5,154,92.8,469
Emeritvs (Emeritus),2013,4.5,147,48.9,470
Regina Vides Ribera del Duero,2016,4.5,144,70.55,471
Turo d'en Mota,2006,4.5,142,110.0,472
Cami Pesseroles,2009,4.5,141,139.3,473
Reserva,2018,4.5,141,59.8,474
Amancio,2014,4.5,140,75.0,475
Finca Los Hoyales Ribera del Duero,2015,4.5,140,57.0,476
Vina El Pison,2013,4.5,137,253.47,477
Blanco,2017,4.5,134,49.95,478
Pesus Ribera del Duero,2015,4.5,134,298.0,479
Pago Garduna,2009,4.5,132,73.6,480
La Basseta,2013,4.5,132,58.0,481
Territorio Luthier Reserva,2016,4.5,128,54.0,482
Ribera del Duero,2018,4.5,128,78.38,483
Valbuena 5o,1988,4.5,126,228.63,484
Son Negre,2011,4.5,121,228.9,485
Clos de L'Obac,2010,4.5,121,81.3,486
Vinas Viejas de Soria Ribera Del Duero,2018,4.5,117,165.0,487
Pago de Santa Cruz Gran Reserva Ribera del Duero,2014,4.5,115,54.9,488
As Sortes Val do Bibei Godello,2020,4.5,115,55.0,489
Cami Pesseroles,2010,4.5,113,131.85,490
Parcela El Picon Tinto,2015,4.5,113,148.39,491
Tinto,2011,4.5,110,39.0,492
Seleccion Rioja,2015,4.5,107,67.1,493
Millenium Reserva,1996,4.5,106,199.45,494
Acediano,2015,4.5,104,52.0,495
Gaudium,2016,4.5,104,34.9,496
Vinas Viejas de Soria Ribera Del Duero,2017,4.5,103,75.81,497
Finca el Bosque,2017,4.5,103,84.36,498
Pico de Luyas,2016,4.5,103,47.95,499
Grandes Anadas Rioja,2001,4.5,103,391.65,500
Bruto,2019,4.5,104,32.5,501
Aro,2004,4.5,102,198.0,502
Mas Via Gran Reserva Brut,2004,4.5,102,40.33,503
Les Aubaguetes Priorat,2015,4.5,99,302.5,504
La Mula de la Quietud,2016,4.5,99,62.0,505
Navarra Coleccion 125 Blanco,2018,4.5,97,49.1,506
Dalmau Rioja,2015,4.5,97,75.0,507
Chardonnay Uno,2011,4.5,96,200.13,508
Don PX Vieja Cosecha,1973,4.5,95,113.0,509
Ribas de Cabrera,2018,4.5,94,68.4059721390231,510
Cenit,2012,4.5,92,37.5,511
El Carretil,2012,4.5,88,165.0,512
Quinon de Valmira,2016,4.5,88,415.0,513
Acediano,2014,4.5,87,74.0,514
Mas del Serral,2007,4.5,82,192.16,515
Estrats,2009,4.5,81,59.82,516
Son Negre,2016,4.5,81,164.9,517
Fino Imperial Amontillado 30 Anos,N.V.,4.5,81,94.9,518
Coliseo Amontillado VORS,N.V.,4.5,81,199.0,519
Finca el Bosque,2018,4.5,81,85.95,520
Grans Muralles,2000,4.5,81,125.05,521
Malleolus de Valderramiro,2018,4.5,82,85.55,522
Contador Rioja,2016,4.5,80,317.75,523
Tinto,2010,4.5,79,35.0,524
Vina Tondonia Gran Reserva Blanco,1981,4.5,78,274.95,525
Cami Pesseroles,2014,4.5,78,82.55,526
Priorat,2019,4.5,76,63.9,527
8000,2017,4.5,75,29.95,528
Pesus Ribera del Duero,2009,4.5,75,312.6,529
La Basseta,2017,4.5,75,58.95,530
La Poza de Ballesteros,2010,4.5,74,99.35,531
Mironia Black Edition Tempranillo,2015,4.5,73,49.5,532
La Creu Alta,2015,4.5,73,234.98,533
Miserere,2010,4.5,74,78.5,534
Prado Enea Gran Reserva,2015,4.5,72,56.95,535
Alma Tobia Rioja,2015,4.5,72,40.0,536
Tm,2016,4.5,71,100.0,537
Doix,2017,4.5,71,79.9,538
Tinto,2012,4.5,70,63.5,539
La Loma,2017,4.5,69,38.9,540
Nebro Ribera del Duero,2011,4.5,69,154.5,541
Priorat,2012,4.5,69,374.66,542
El Carretil,2015,4.5,66,143.51,543
El Canto del Angel,2014,4.5,66,59.95,544
Grandes Anadas Rioja,1998,4.5,66,467.65,545
Rioja Blanco Reserva,2012,4.5,66,65.5,546
Gran Reserva,2011,4.5,65,88.5,547
Cayetano del Pino Viejisimo Palo Cortado,N.V.,4.5,61,25.92,548
Calvario Rioja,2002,4.5,61,95.0,549
Gran Reserva Penas Aladas,2012,4.5,61,559.02,550
Cami Pesseroles,2012,4.5,60,115.85,551
Unico,1969,4.5,60,976.83,552
Gratallops Partida Bellvisos,2005,4.5,59,266.81,553
Coleccion Privada,2017,4.5,59,26.9,554
Finca El Canto,2015,4.5,58,89.66,555
Finca Cascorrales,2016,4.5,57,64.3,556
Rioja Gran Reserva 904,1987,4.5,57,190.0,557
AAA,2004,4.5,56,141.2,558
Tinto,2007,4.5,55,32.0,559
Rioja Gran Reserva,1994,4.5,54,61.0,560
Gran Reserva,1964,4.5,54,140.0,561
Marques de Poley Amontillado Seleccion 1951,1951,4.5,53,169.95,562
Ribera Del Duero Reserva Premium 6 Anos,2014,4.5,53,49.9,563
Reserva Especial,2006,4.5,53,65.9,564
Platon Tinto,2019,4.5,52,25.9,565
Altos de Las Gateras Monastrell,2013,4.5,51,58.19,566
Canta la Perdiz,2013,4.5,51,295.0,567
Marques de la Concordia VSG Premium (formerly Hacienda de Susar Rioja),2016,4.5,50,35.5,568
Cava Kripta Gran Reserva Brut Nature,2013,4.5,49,53.7,569
Alba de Miros Rueda Verdejo,2019,4.5,49,9.9,570
Ribera del Duero TSM,2006,4.5,48,40.8333333333333,571
Pendon De La Aguilera,2010,4.5,47,299.286840932831,572
V2 Tinto,2009,4.5,49,43.6838985,573
L'Ermita Velles Vinyes Priorat,2003,4.5,46,1372.14,574
Cami Pesseroles,2016,4.5,46,79.55,575
Planots Priorat,2013,4.5,46,57.0,576
Blanco,2013,4.5,45,14.96,577
Celia,2011,4.5,44,60.06,578
Ribera del Duero Prestigio Pago de las Solanas,2010,4.5,44,237.0,579
Priorat,1998,4.5,43,993.28,580
Calmo,2014,4.5,43,71.9,581
Gran Reserva,1928,4.5,43,270.0,582
Dalmau Rioja,2000,4.5,42,48.5,583
Son Negre,2005,4.5,42,200.0,584
Confesor Rioja,2004,4.5,42,107.5,585
Cartago Paraje de Pozo,2016,4.5,42,77.5,586
La Bienquerida,2019,4.5,41,32.9,587
Seleccion Especial,2015,4.5,40,93.51,588
Saca Unica,N.V.,4.5,39,96.38,589
Taberner No. 1,2011,4.5,38,75.0,590
Palomero,2010,4.5,38,44.95,591
Grano a Grano,2017,4.5,37,75.0,592
Nebro Ribera del Duero,2015,4.5,37,143.38,593
Valbuena 5o,1976,4.5,37,195.0,594
Petit Verdot,2018,4.5,36,20.15,595
La Faraona Bierzo (Corullon),2015,4.5,36,1373.66,596
Santa Ana Pedro Ximenez 1861,N.V.,4.5,36,320.0,597
Cuvee Julia Ribera del Duero,2011,4.5,35,157.0,598
Don PX Seleccion,1949,4.5,34,295.0,599
Garnacha,2019,4.5,33,29.95,600
Vina Tondonia Gran Reserva,2001,4.5,33,187.91,601
Cami Pesseroles,2013,4.5,32,113.2,602
Las Lamas Bierzo (Corullon),2018,4.5,32,120.0,603
Finca Garbet,2015,4.5,32,89.9,604
200 Monges Rioja Reserva Seleccion Especial,2006,4.5,32,59.25,605
Galia Clos Santuy,2016,4.5,32,89.0,606
Tomas Esteban,2011,4.5,32,71.3,607
Finca Las Comas Verdejo,2018,4.5,32,34.5,608
Valbuena 5o,1975,4.5,31,195.0,609
Petit Verdot,2004,4.5,31,160.81,610
Diables,2018,4.5,31,38.75,611
St Antoni de Scala Dei Priorat,2017,4.5,30,75.04,612
Anada Palo Cortado 1987,1991,4.5,30,230.0,613
Valdegines,2019,4.5,30,40.0,614
Priorat,2018,4.5,30,225.0,615
Seda de Oro Reserva,2016,4.5,29,69.0,616
Grano a Grano Graciano - Garnacha,2016,4.5,29,55.14,617
Reserva,1986,4.5,29,90.0,618
Carraquintana de Amaren,2017,4.5,29,56.5,619
Garnacha Parcela 81 Vinas Viejas,2017,4.5,28,54.9,620
Saktih,2016,4.5,28,132.95,621
Cava Enoteca Finca de L'Origen Brut Nature,2002,4.5,28,142.0,622
Salinas 1237,2014,4.5,28,53.25,623
Cabernet Sauvignon,2019,4.5,27,16.9,624
Finca La Colina Sauvignon Blanc,2021,4.5,27,13.45,625
Dominio del Verso Red Blend,2018,4.5,27,29.5,626
Altos R Pigeage Nacido en Barrica Blanco,2019,4.4,27,29.9168517,627
Vinyes Altes Porrera,2007,4.5,26,69.0,628
La Vinya del Vuit (8),2015,4.5,26,73.0,629
Venus de la Figuera,2017,4.5,26,51.5,630
Vendetta,2013,4.5,25,38.0,631
Ribera del Duero,2009,4.4,6395,189.0,632
Toro,2011,4.4,5732,39.5,633
Toro,2012,4.4,5614,89.9,634
Toro,2013,4.4,5204,76.8,635
Rioja Gran Reserva 904,2009,4.4,5109,47.5,636
Ribera del Duero Reserva,2016,4.4,4851,31.5,637
Rioja Gran Reserva 904,2011,4.4,4625,47.95,638
Rioja Gran Reserva 904,2007,4.4,4357,47.95,639
Malleolus,2018,4.4,4121,38.61,640
Seleccion Especial (Reserva),2016,4.4,3589,27.9,641
Ribera del Duero Reserva,2017,4.4,3456,37.25,642
Cosecha,2016,4.4,3406,37.8,643
Rioja Gran Reserva 904,2010,4.4,3327,61.55,644
Prado Enea Gran Reserva,2011,4.4,3197,43.95,645
Red,2018,4.4,3095,31.95,646
Seleccion Especial,2017,4.4,3093,25.5,647
Clio,2014,4.4,3089,35.65,648
Flor de Pingus,2012,4.4,2546,125.0,649
Flor de Pingus,2013,4.4,2418,125.0,650
Vina Ardanza Reserva,2015,4.4,2370,23.0,651
Roda I Reserva Rioja,2009,4.4,2228,43.5,652
Roda I Reserva Rioja,2010,4.4,2133,24.7,653
3er Ano Ribera del Duero Tinto,2017,4.4,2080,27.4,654
Ribera del Duero,2007,4.4,2053,96.0,655
Macan Clasico,2016,4.4,1993,37.52,656
Roda I Reserva Rioja,2011,4.4,1949,43.95,657
Alaya Tierra (Old Vines Vieilles Vignes),2017,4.4,1948,19.6,658
Castillo Ygay Gran Reserva Especial Tinto,2004,4.4,1943,160.0,659
Roda I Reserva Rioja,2012,4.4,1853,43.5,660
3er Ano Ribera del Duero Tinto,2018,4.4,1842,27.75,661
Cosecha,2018,4.4,1777,32.5,662
Red,2019,4.4,1701,29.45,663
Tinto,2017,4.4,1561,51.526827174062,664
Macan,2010,4.4,1519,216.0,665
Ribera del Duero,2006,4.4,1514,119.7,666
Torre Muga,2006,4.4,1475,66.73,667
Roda I Reserva Rioja,2015,4.4,1463,39.95,668
El Viejo,2018,4.4,1438,32.01,669
Ribera del Duero Una Cepa I,2016,4.4,1372,28.9,670
Tinto,2017,4.4,1339,36.0,671
Hacienda Pradolagar,2015,4.4,1326,105.12,672
Cava Kripta Gran Reserva Brut Nature,2008,4.4,1269,52.5,673
Cosecha,2017,4.4,1266,33.31,674
Rioja Reserva,2010,4.4,1255,73.65,675
Garnacha,2016,4.4,1226,33.95,676
Rioja Reserva,2009,4.4,1172,74.0,677
Ribera del Duero,2005,4.4,1166,169.0,678
Alaya Tierra (Old Vines Vieilles Vignes),2018,4.4,1158,24.8,679
Ribera del Duero,2004,4.4,1121,140.840866321332,680
Priorat,2014,4.4,1104,175.5,681
200 Monges Rioja Reserva,2011,4.4,1098,37.57,682
Reserva Ribera del Duero,2016,4.4,1087,26.24,683
Malleolus,2019,4.4,1069,28.5,684
VS,2014,4.4,1064,178.0,685
Reserva,2011,4.4,1048,78.65,686
Flor de Pingus,2008,4.4,1047,125.0,687
Roda I Reserva Rioja,2016,4.4,1039,35.9,688
Reserva Tinto,2017,4.4,1040,35.7,689
Tinto,2019,4.4,1018,33.0,690
VS,2015,4.4,995,60.95,691
Jumilla Blue Label,2019,4.4,966,21.95,692
Palo Cortado Tradicion Vors 30 Years Sherry,N.V.,4.4,941,82.5,693
Reserva,2014,4.4,927,109.9,694
San Vicente Rioja,2011,4.4,925,33.5,695
Garnacha,2018,4.4,915,38.95,696
Triga,2016,4.4,852,34.9,697
Gaudium,2014,4.4,827,37.8,698
Amontillado Tradicion Vors 30 Years,N.V.,4.4,825,59.9,699
Victorino,2016,4.4,812,38.7,700
Priorat,2011,4.4,809,90.0,701
Priorat,2010,4.4,799,69.79,702
Culmen Reserva Rioja,2011,4.4,798,59.9,703
Alaya Tierra (Old Vines Vieilles Vignes),2019,4.4,787,27.39,704
Roda I Reserva Rioja,2005,4.4,783,93.0,705
Reserva,2016,4.4,778,73.57,706
Reserva Privada Rioja,2015,4.4,746,49.67,707
Pago Negralada,2014,4.4,726,91.57,708
Priorat,2012,4.4,695,90.0,709
Baron de Chirel Rioja Reserva,2015,4.4,683,69.95,710
Ribera del Duero,2001,4.4,681,190.0,711
Baron de Chirel Rioja Reserva,2005,4.4,667,140.0,712
Rejon Tempranillo,2015,4.4,664,35.75,713
Finca Dofi,2016,4.4,639,52.5,714
Priorat,2007,4.4,624,95.0,715
Interpretacion,2016,4.4,618,45.15,716
Torre Muga,2015,4.4,617,58.2142247461506,717
San Vicente Rioja,2016,4.4,609,42.7,718
Vendimia,2017,4.4,581,28.7315367295517,719
Priorat Vinyes Velles,2017,4.4,575,32.65,720
Gaudium,2015,4.4,561,43.86,721
Macan Clasico,2017,4.4,560,36.9,722
Rioja Reserva,2013,4.4,550,54.83,723
Dalmau Rioja,2016,4.4,550,55.33,724
Tempranillo Reserva,2010,4.4,542,26.9,725
Cream Tradicion Vos 20 Years,N.V.,4.4,527,57.9,726
Millenium Reserva,2008,4.4,527,74.0,727
Cosecha,2019,4.4,523,34.35,728
Gran Reserva Ribera del Duero,2009,4.4,516,76.3,729
Interpretacion,2017,4.4,514,45.3,730
Valbuena 5o,1995,4.4,512,299.0,731
VS,2016,4.4,506,56.5,732
Pago de Santa Cruz,2014,4.4,499,54.9,733
Vatan Tinta de Toro,2017,4.4,498,55.31,734
Dominio del Pidio,2016,4.4,495,53.91,735
Rioja Gran Reserva,2015,4.4,485,35.1,736
Victorino,2017,4.4,481,38.5,737
Rioja Gran Reserva,2015,4.4,471,49.97,738
Reserva,2016,4.4,450,32.9,739
Tinto,2006,4.4,443,34.0,740
Pagos Viejos,2006,4.4,442,90.5,741
An,2018,4.4,436,38.3,742
Ribera del Duero Prestigio,2014,4.4,421,41.32,743
Numanthia,2004,4.4,414,98.0,744
As Sortes Val do Bibei Godello,2018,4.4,412,55.71,745
Suprema 30 Meses,2016,4.4,406,35.2,746
La Cueva del Contador Rioja,2015,4.4,389,73.6,747
Interpretacion,2018,4.4,389,41.0,748
Garnacha,2016,4.4,376,31.5,749
Ribera del Duero TSM,2015,4.4,367,56.75,750
Whisba Tempranillo Aged 18 Months in Whisky Barrels,2019,4.4,363,20.9,751
A Mano Rioja,2017,4.4,360,30.73,752
Finca Los Hoyales Ribera del Duero,2014,4.4,351,49.9,753
200 Monges Rioja Gran Reserva,2001,4.4,349,52.0,754
La Cueva del Contador Rioja,2011,4.4,343,90.0,755
La Hormiga de Antidoto,2019,4.4,336,26.63,756
Le Domaine Blanco de Guarda,2019,4.4,334,32.58,757
As Sortes Val do Bibei Godello,2019,4.4,333,46.5,758
Edicion Limitada,2015,4.4,328,32.5811870756681,759
Tinto,2017,4.4,319,29.95,760
Lealtanza Coleccion de Artistas Espanoles Sorolla,2010,4.4,316,34.9,761
Granja Gran Reserva Rioja,2011,4.4,313,43.9,762
Priorat,2016,4.4,309,65.0,763
Don PX Pedro Ximenez,1994,4.4,306,35.9,764
Perez Pascuas Gran Reserva Seleccion,2010,4.4,305,210.5,765
Cava Kripta Gran Reserva Brut Nature,2011,4.4,298,55.95,766
Miserere,2005,4.4,296,92.8716274104906,767
Clos Martinet,2015,4.4,296,65.4,768
V2 Tinto,2008,4.4,293,45.890156,769
Grans Muralles,2014,4.4,292,304.0,770
Cerrado del Castillo Rioja,2015,4.4,269,47.5,771
A Mano Rioja,2018,4.4,269,29.9,772
Rioja Gran Reserva,2016,4.4,267,40.45,773
El Puntido Gran Reserva,2007,4.4,267,49.65,774
Pagos Viejos,2004,4.4,262,57.11,775
Ribera del Duero,1996,4.4,259,141.0,776
Trasnocho,2010,4.4,258,133.75,777
La Cueva del Contador Rioja,2016,4.4,252,67.9,778
Clos Martinet,2011,4.4,249,75.92,779
Cava Kripta Gran Reserva Brut Nature,2010,4.4,245,47.52,780
Triga,2017,4.4,243,29.9,781
Cuvee Old Vines Unfiltered,2017,4.4,241,19.99,782
Gran Reserva,2010,4.4,239,59.25,783
Fondillon,1996,4.4,236,73.9,784
1730 Pedro Ximenez,N.V.,4.4,234,39.35,785
Cirerets,2018,4.4,233,40.3,786
Dominio del Pidio,2018,4.4,225,42.75,787
Vina del Olivo,2016,4.4,224,149.5,788
La Cueva del Contador Rioja,2012,4.4,222,76.5,789
Clos Martinet,2008,4.4,220,113.2,790
Vinas Viejas Verdejo,2019,4.4,219,26.9,791
Valbuena 5o,1994,4.4,218,249.8,792
Reserva,2017,4.4,217,29.95,793
Tadeo Tinto,2014,4.4,215,33.0,794
Tierras de Cair Reserva,2014,4.4,208,37.0,795
Tinto,2014,4.4,207,37.13,796
Gran Reserva Rosado,2011,4.4,206,49.95,797
Navarra Coleccion 125 Blanco,2017,4.4,204,50.9,798
Cava Celler Batlle,2006,4.4,201,51.95,799
Rioja Blanco,2017,4.4,201,49.2,800
Casa Cisca Monastrell,2015,4.4,200,35.2,801
Lapola,2019,4.4,196,20.74,802
Calvario Rioja,2008,4.4,195,87.3,803
Granja Gran Reserva Rioja,2012,4.4,194,45.95,804
Pago Negralada,2013,4.4,189,64.99,805
Doix,2007,4.4,187,350.03,806
Seleccio Especial Vinyes Velles,2013,4.4,185,69.9,807
Idus,2017,4.4,180,36.95,808
Clos Martinet,2007,4.4,177,154.37,809
Clos Abella Seleccion Especial,2014,4.4,173,43.85,810
Pie Franco,2017,4.4,172,77.98,811
Amancio,2013,4.4,172,91.43,812
Malleolus de Sanchomartin,2007,4.4,172,195.0,813
Tinto,2016,4.4,169,125.84,814
Culmen Reserva Rioja,2001,4.4,168,69.0,815
Singular V Malcorta Verdejo,2020,4.4,168,17.49,816
Serral del Vell Brut Nature,2014,4.4,166,44.41,817
Tinto,2014,4.4,165,149.0,818
Pago Negralada,2009,4.4,165,73.6,819
Trasnocho,2014,4.4,164,82.75,820
Doix,2013,4.4,164,78.38,821
Seleccion Finca el Grajo Viejo,2016,4.4,162,59.95,822
Finca el Bosque,2014,4.4,162,80.95,823
La Poza de Ballesteros,2015,4.4,161,95.9,824
Millenium Reserva,2015,4.4,160,75.0,825
30 Years VORS Pedro Ximenez Sherry,N.V.,4.4,159,58.95,826
Gaudium,1994,4.4,159,125.0,827
Vina del Olivo,2015,4.4,159,64.0,828
Finca el Bosque,2012,4.4,158,78.9,829
Malpuesto,2018,4.4,158,35.5,830
Valdegines,2018,4.4,155,42.35,831
Chafandin,2018,4.4,155,28.95,832
Vina El Pison,2007,4.4,154,495.0,833
Pago Negralada,2016,4.4,152,63.95,834
La Vina de Andres Romeo Rioja,2012,4.4,151,99.0,835
Pesus Ribera del Duero,2012,4.4,150,379.0,836
Reserva,2017,4.4,149,56.95,837
Regina Vides Ribera del Duero,2012,4.4,148,65.34,838
Delicado Cosecha Pedro Ximenez,2019,4.4,147,22.35,839
Atlantico,2019,4.4,146,18.99,840
Quincha Corral,2016,4.4,145,79.95,841
Els Escurcons,2014,4.4,143,78.49,842
Rioja Reserva,2014,4.4,142,49.9,843
Idus,2018,4.4,141,35.5,844
Vinos Singulares Tempranillo Blanco Reserva,2014,4.4,141,34.9,845
Christina Ribera del Duero,2016,4.4,142,50.76,846
Desti,2018,4.4,136,29.95,847
Gran Reserva Classica Tinto,2001,4.4,135,36.75,848
Godello Blanco,2019,4.4,134,37.6,849
Aquilon Garnacha,2014,4.4,134,100.0,850
Palo Cortado 1/10,N.V.,4.4,134,25.0,851
Fourth Edition,,4.4,131,40.0,852
Rioja Blanco,2018,4.4,130,52.0,853
Seleccion de Anada Albarino Rias Baixas,2012,4.4,130,34.25,854
Albarino de Fefinanes III Ano,2017,4.4,128,35.4,855
Reserva Ribera del Duero,2018,4.4,128,32.15,856
Perpetual,2017,4.4,127,62.75,857
Cava Celler Batlle,2010,4.4,126,58.3,858
Seleccio Especial Vinyes Velles,2016,4.4,123,58.9,859
El Cel,2015,4.4,123,59.0,860
Montes Obarenes Seleccion Terroir,2016,4.4,122,42.95,861
Porrera Vi de Vila,2017,4.4,122,43.95,862
Gran Ribera del Duero,2010,4.4,122,41.9188925,863
Heretge Priorat,2017,4.4,120,91.03,864
Vinas Viejas,2018,4.4,119,25.1,865
La Poza de Ballesteros,2014,4.4,119,104.0,866
El Carretil,2010,4.4,117,295.3,867
Sibarita Oloroso Jerez-Xeres-Sherry 30 Years V.O.R.S,N.V.,4.4,117,79.9,868
Pago de Santa Cruz Gran Reserva Ribera del Duero,2015,4.4,116,71.95,869
17,2018,4.4,115,57.9,870
Pesus Ribera del Duero,2011,4.4,114,465.0,871
Doix,2014,4.4,114,116.0,872
Les Tosses,2014,4.4,113,158.88,873
Cami Pesseroles,2007,4.4,112,165.85,874
La Poza de Ballesteros,2013,4.4,112,101.01,875
Clos del Portal Tros de Clos,2016,4.4,109,56.95,876
Pago de Santa Cruz,2019,4.4,109,48.69,877
La Basseta,2016,4.4,108,56.0,878
Classic,1996,4.4,106,217.2,879
Nit de Nin Mas d'en Cacador,2017,4.4,106,89.9,880
Minami,2016,4.4,106,48.9,881
Rioja Gran Reserva 904,1982,4.4,106,145.0,882
Vi de Vila Gratallops,2019,4.4,105,54.5,883
Acediano,2016,4.4,104,42.0,884
Cava Celler Batlle,2009,4.4,102,59.75,885
Classic,2012,4.4,102,49.95,886
Veguin de Murua Gran Reserva,2012,4.4,101,36.0,887
O Luar do Sil Valdeorras Godello Sobre Lias,2020,4.4,101,16.39,888
Doix,2015,4.4,100,95.0,889
Teixar,2015,4.4,99,51.05,890
Tinto,2018,4.4,99,52.9,891
Anada Pedro Ximenez,2018,4.4,99,17.5,892
Le Domaine Blanco de Guarda,2020,4.4,99,33.8,893
Vina El Pison,1999,4.4,98,419.85,894
Clos del Portal Somni,2016,4.4,98,33.03,895
Les Manyes,2015,4.4,98,189.0,896
Emporda Aires de Garbet,2017,4.4,98,39.22,897
Montes de Toledo Syrah,2019,4.4,97,19.5,898
Torremilanos Coleccion Ribera del Duero,2014,4.4,97,44.0,899
Regina Vides Ribera del Duero,2010,4.4,96,101.1,900
Maceracion Con Pieles,2017,4.4,95,36.95,901
Don PX Pedro Ximenez,1986,4.4,95,225.0,902
Baron de Chirel Rioja Reserva,2003,4.4,95,77.0,903
Pie Franco,2018,4.4,95,69.0,904
La Cueva del Contador Rioja,2004,4.4,94,90.0,905
Clos Monlleo,2011,4.4,94,50.0,906
Calvario Rioja,2010,4.4,92,125.97,907
B.Rodriguez La-Cave Quo Vadis?,N.V.,4.4,89,87.9,908
La Solana Alta,2017,4.4,90,63.46,909
Blecua Somontano,2004,4.4,88,69.0,910
El Cel,2016,4.4,88,64.0,911
Rioja Reserva 10 Anos Despues Edicion Limitada,2011,4.4,88,57.9,912
El Carretil,2014,4.4,86,143.51,913
Perinet + Plus,2004,4.4,85,54.05,914
Tinto,2017,4.4,85,102.0,915
Priorat,1999,4.4,85,95.0,916
Vina de Martin Escolma Ribeiro,2016,4.4,85,37.65,917
Vina El Pison,2001,4.4,85,340.0,918
Reserva,2018,4.4,83,28.9,919
Finca Dofi,2019,4.4,82,84.55,920
Castillo Ygay Gran Reserva Especial Tinto,1959,4.4,80,940.0,921
Cami Pesseroles,2008,4.4,80,152.6,922
Ribera del Duero Torralvo,2018,4.4,80,32.45,923
El Cabernet F - Familiar,2017,4.4,80,34.9,924
Premium,2018,4.4,79,35.0,925
Hipperia Red Blend,2018,4.4,79,24.9,926
Maria Ribera del Duero,2016,4.4,78,53.9,927
Vendimia Seleccionada,2019,4.4,77,21.38,928
Vina El Pison,2016,4.4,77,385.0,929
Clos Figueres,2017,4.4,75,53.4,930
Castillo de Monte la Reina Cuvee Privee,2015,4.4,75,14.65,931
Maria Ribera del Duero,2015,4.4,75,54.9,932
Amontillado Saca,N.V.,4.4,74,62.02,933
Queiron Reserva Vinedos Familiares,2011,4.4,74,26.85,934
Cami Pesseroles,2011,4.4,74,126.5,935
Don PX Gran Reserva,1990,4.4,73,35.9,936
Seleccio Especial Vinyes Velles,2017,4.4,73,64.35,937
Llanos del Almendro Ribera del Duero,2011,4.4,73,115.2,938
Dolc Mataro,2018,4.4,72,17.95,939
Prado Enea Gran Reserva,1989,4.4,72,140.0,940
Prado Enea Gran Reserva,1991,4.4,72,167.0,941
Victorino,2019,4.4,71,33.9,942
Roda I Reserva Rioja,2017,4.4,71,45.95,943
Toro 2V Premium,2005,4.4,70,44.0,944
Rejon Tempranillo,2018,4.4,70,31.94,945
Les Eres Vinyes Velles,2015,4.4,70,32.49,946
Gran Reserva Classica Blanco,2012,4.4,70,36.75,947
The Artist,2016,4.4,69,26.84,948
Amontillado 30 Years Old V.O.R.S Sherry,N.V.,4.4,69,36.9,949
La Comtesse de Pazo Barrantes Albarino,2017,4.4,69,59.95,950
Gratallops Partida Bellvisos,2007,4.4,69,241.4,951
Seleccion Especial,2018,4.4,68,27.6,952
5V Blanco,2019,4.4,68,37.98,953
Finca Butaros Vinya Centenaria,2015,4.4,67,32.23,954
Grans Muralles,2016,4.4,67,123.76,955
La Bienquerida,2018,4.4,66,34.55,956
El Carretil,2016,4.4,66,155.0,957
Seleccion Privada,2011,4.4,65,68.0,958
Seleccion Finca el Grajo Viejo,2017,4.4,65,59.9,959
Aponte Winemaker's Private Collection Tempranillo,2008,4.4,66,112.0,960
Cami de Cormes,2018,4.4,65,14.18,961
Kalamity Rioja,2017,4.4,65,106.0,962
1194,2016,4.4,64,105.8121097,963
Malabrigo Ribera del Duero,2018,4.4,65,31.5,964
Old & Plus Pedro Ximenez,N.V.,4.4,64,42.12,965
Reserva Trajanvs,2016,4.4,64,21.5,966
Finca Dofi,1999,4.4,64,75.0,967
No. 2 Victoria,2018,4.4,64,15.9,968
Granja Gran Reserva Rioja,2013,4.4,63,53.9,969
Emporda Gran Claustro,2015,4.4,63,30.86,970
Son Negre,2010,4.4,63,235.95,971
200 Monges Rioja Reserva,2012,4.4,62,38.5,972
Lalomba Finca Valhonta,2017,4.4,61,56.75,973
Manyetes,2017,4.4,61,59.9,974
Gran Reserva,2014,4.4,60,122.667917,975
Serral del Vell Brut Nature,2016,4.4,60,34.56,976
Pago Valdebellon,2016,4.4,60,65.9,977
Cava Celler Batlle,2011,4.4,59,59.75,978
Pesus Ribera del Duero,2003,4.4,59,509.25,979
Les Tosses,2013,4.4,59,158.88,980
Guarda de Leda Seleccion Tempranillo,2015,4.4,59,37.66,981
Nun Vinya dels Taus,2018,4.4,59,62.7,982
Vinyes Altes Porrera,2016,4.4,58,60.73,983
Lo Cortinelo.Lo Blanc,2017,4.4,58,27.25,984
5 Partides Gratallops Vi de La Vila,2014,4.4,58,49.6,985
Cava Ex-Vite Gran Reserva Brut,2010,4.4,57,43.5,986
Valbuena 5o,1982,4.4,56,225.0,987
Summa Edicion Limitada,2015,4.4,56,89.97,988
Cirerets,2019,4.4,56,37.9,989
Pago El Espino,2019,4.4,56,18.9,990
Gran Reserva,2015,4.4,55,53.8,991
Perez Pascuas Gran Reserva Seleccion,2015,4.4,55,55.25,992
Gloria Rioja,2011,4.4,55,44.9,993
Petra de Valpiedra Garnacha,2017,4.4,55,32.9,994
Alto de la Caseta,2015,4.4,54,82.5,995
Serral del Vell Brut Nature,2015,4.4,54,33.78,996
Rejon Tempranillo,2017,4.4,54,34.9,997
Mas de la Rosa,2016,4.4,53,367.39,998
Rioja B70,2014,4.4,52,104.5,999
Gran Reserva,2014,4.4,52,74.55,1000
Tinto,2016,4.4,52,119.0,1001
Don Miguel,2016,4.4,51,31.9239296995019,1002
Singular Negre,2015,4.4,51,27.35,1003
Vinyes Altes Porrera,2017,4.4,51,33.0,1004
Rioja Reserva Especial,1922,4.4,51,280.0,1005
Rioja Cisma,2014,4.4,50,140.0,1006
Seleccion Rioja,2018,4.4,50,32.0,1007
Martires Rioja,2015,4.4,50,91.5,1008
Cava Original Brut (Espumos),2010,4.4,49,52.95,1009
Marti Reserva Penedes,2015,4.4,49,35.15,1010
Vina Ardanza Reserva Seleccion Especial,2015,4.4,49,23.0,1011
Oloroso 30 Years Old V.O.R.S,N.V.,4.4,48,37.9,1012
Pozo Alto,2016,4.4,48,119.95,1013
El Cristo de Samaniego,2017,4.4,47,42.9,1014
El Belisario,2016,4.4,47,39.9,1015
Baron de Ona Rioja Reserva,1995,4.4,46,50.0,1016
Priorat,2017,4.4,45,209.31,1017
Don PX Seleccion,1968,4.4,45,165.0,1018
Gran Reserva,1978,4.4,45,97.0,1019
Cepas Vellas Rias Baixas Albarino,2020,4.4,44,26.5,1020
La Aguilera,2016,4.4,44,32.5,1021
Pirata,2014,4.4,44,194.0,1022
Blecua Somontano,2014,4.4,43,74.95,1023
Hispania,2018,4.4,43,28.9,1024
Arousa,2019,4.4,44,18.99,1025
Las Cenizas Tempranillo,2018,4.4,43,19.95,1026
Solanes Priorat,2003,4.4,43,38.66,1027
Grandes Anadas Rioja,1994,4.4,43,180.0,1028
Cami Pesseroles,2017,4.4,42,75.5,1029
Cava Cuvee De Prestige Trepat,2019,4.4,43,7.89,1030
Felix Azpilicueta Coleccion Privada,2019,4.4,41,18.0,1031
Savinat Sauvignon Blanc,2019,4.4,41,17.9,1032
Capricho Crianza,2017,4.4,41,15.4438025,1033
Finca La Emperatriz Vinedo Singular Tinto,2017,4.4,41,33.55,1034
Galena,2017,4.4,41,19.8,1035
Rioja Reserva,1982,4.4,41,145.0,1036
Solera PAP Palo Cortado Rare Sherry,N.V.,4.4,41,189.99,1037
Finca Helena,2015,4.4,40,59.9,1038
Primordium,2012,4.4,40,29.9,1039
Marti Reserva Penedes,2016,4.4,39,33.8,1040
La Solana Alta,2018,4.4,39,43.5,1041
La Cuartilleja Reserva,2016,4.4,39,39.9,1042
Malleolus de Sanchomartin,2018,4.4,39,119.35,1043
Noble,2015,4.4,38,60.0,1044
De Garage Rioja,2005,4.4,37,40.0,1045
Gran Calzadilla,2010,4.4,37,34.75,1046
4 Varietales Coleccion Rioja,2017,4.4,37,24.0,1047
Oloroso,N.V.,4.4,38,59.9,1048
Aurus,1998,4.4,37,245.25,1049
Don PX Pedro Ximenez,1973,4.4,37,109.76,1050
Numerus Clausus,2012,4.4,37,59.9,1051
Rioja Cisma,2012,4.4,37,130.5,1052
200 Monges Rioja Seleccion Especial Reserva Blanco,2008,4.4,36,61.5,1053
Don PX Gran Reserva,1994,4.4,36,33.23,1054
Emporda Aires de Garbet,2018,4.4,36,38.5,1055
Rioja Gran Reserva,1996,4.4,36,38.12,1056
30 Years V.O.R.S Very Old Palo Cortado Blend Medium Sherry,N.V.,4.4,35,65.0,1057
Campus Gothorum,2017,4.4,35,41.0,1058
Gran Reserva,2015,4.4,35,74.5,1059
Nun Vinya dels Taus,2019,4.4,35,45.39,1060
La Pizca,2016,4.4,35,26.0,1061
La Bota 90 de Manzanilla Pasada,N.V.,4.4,35,39.75,1062
Moradillo de Roa,2017,4.4,35,29.89,1063
Cofradia,2014,4.4,34,38.0,1064
Rioja Cisma,2009,4.4,34,132.4,1065
Vinyes Altes Porrera,2009,4.4,34,69.0,1066
Stairway To Heaven Rosado,2020,4.4,34,13.99,1067
La Silleria,2017,4.4,34,24.5,1068
Planella,2020,4.4,34,16.25,1069
Gallaecia Rias Baixes Albarino,2017,4.4,34,39.95,1070
Gran Reserva,1994,4.4,34,138.0,1071
Monada,2013,4.4,33,35.4,1072
Tinto,2019,4.4,33,20.95,1073
Heretge Priorat,2018,4.4,33,39.99,1074
Usted,2009,4.4,33,159.8,1075
Martires Rioja,2017,4.4,33,139.63,1076
Verdejo,2017,4.4,32,19.97,1077
Vina Garugele,2015,4.4,32,75.8,1078
Petit Verdot,2013,4.4,32,52.5,1079
Barrica,2018,4.4,32,20.95,1080
Voltons,2017,4.4,32,51.95,1081
Ekam Essencia,2015,4.4,32,43.44,1082
Valcavado de Traslascuestas,2014,4.4,31,35.48,1083
Oscar Tobia Gran Reserva Rioja,2014,4.4,31,28.0,1084
La Baixada,2018,4.4,31,239.5,1085
La Cueva del Contador Rioja,2019,4.4,31,60.61,1086
Seleccion,2012,4.4,31,35.35,1087
Cava El Tros Nou Pinot Noir,2009,4.4,30,89.9,1088
Manyetes,2018,4.4,30,74.56,1089
Tinto,2007,4.4,30,33.4,1090
Los Dominios de Berceo Prefiloxerico,2015,4.4,29,29.25,1091
Old & Plus Amontillado,N.V.,4.4,28,15.84,1092
Don PX Convento Seleccion,1968,4.4,28,173.0,1093
Sao Expressiu,2012,4.4,28,34.5,1094
Onomastica Rioja Reserva,2014,4.4,28,21.88,1095
Vina Arana Gran Reserva,2015,4.4,28,27.9,1096
Carinena Parcela 15 Vinas Viejas,2017,4.4,28,54.9,1097
Vobiscum,2015,4.4,28,31.99,1098
La Navilla,2017,4.4,27,24.9,1099
Merlot - Syrah,2016,4.4,27,11.5,1100
Termanthia,2000,4.4,27,140.0,1101
Casta Diva Cosecha Miel Moscatel Dulce,2018,4.4,27,15.5,1102
Baron de Chirel Rioja Reserva,2017,4.4,27,95.0,1103
Pago de Las Costanas,2005,4.4,27,40.2,1104
Rioja Blanco,2019,4.4,27,26.45,1105
Vendimia Seleccionada,2020,4.4,27,7.9,1106
Cava Gran Reserva Familiar Millenium Brut,2011,4.4,27,29.95,1107
Zona Zepa Monastrell,2015,4.4,26,59.9,1108
Petit Verdot,2016,4.4,26,115.9,1109
Alma Tobia Blanco,2016,4.4,26,33.0,1110
Reserva,1970,4.4,25,72.0,1111
Garnacha Vinas Centenarias,2015,4.4,25,13.95,1112
El Jardin de las Iguales Vinedo Historico Garnacha,2016,4.4,25,195.99,1113
Silvanus Edicion Limitada Ribera del Duero,2015,4.4,25,46.0,1114
Vina Ardanza Reserva,2009,4.3,10273,24.38,1115
Vina Ardanza Reserva,2012,4.3,9092,20.0,1116
San Valentin Parellada,2019,4.3,7401,6.95,1117
Seleccion Especial,2016,4.3,7293,17.48,1118
Vina Tondonia Reserva,2008,4.3,6521,37.9,1119
Toro,2010,4.3,6345,79.75,1120
Seleccion Especial,2015,4.3,5152,24.95,1121
Rioja Gran Reserva 904,2004,4.3,4994,29.9,1122
PSI,2018,4.3,4767,29.13,1123
PSI,2017,4.3,4457,33.9,1124
Seleccion Especial (Reserva),2015,4.3,4266,28.0,1125
Tinto,2012,4.3,4023,25.8,1126
Malleolus,2016,4.3,3997,37.86,1127
Seleccion Especial (Reserva),2014,4.3,3829,34.0,1128
Ribera del Duero Reserva,2014,4.3,3660,33.64,1129
Ribera del Duero Reserva,2015,4.3,3620,36.35,1130
Prado Enea Gran Reserva,2006,4.3,3608,35.5,1131
Red,2017,4.3,3587,66.75,1132
Ribera del Duero Crianza,2018,4.3,3524,19.01,1133
Cosecha,2014,4.3,2990,75.9,1134
Malleolus,2017,4.3,2936,38.05,1135
Prado Enea Gran Reserva,2009,4.3,2923,40.4,1136
Mas La Plana Cabernet Sauvignon,2013,4.3,2911,63.33,1137
Tinto,2012,4.3,2844,26.9,1138
Cosecha,2015,4.3,2783,34.95,1139
Crianza Tinto,2018,4.3,2705,24.5,1140
Toro,2007,4.3,2575,93.5,1141
Numanthia,2012,4.3,2453,99.9,1142
Vina Tondonia Reserva,2009,4.3,2423,35.09,1143
Macan Clasico,2014,4.3,2341,36.8,1144
Reserva Tinto,2015,4.3,2295,80.35,1145
Numanthia,2014,4.3,2241,46.0,1146
Macan Clasico,2015,4.3,2241,50.41,1147
Toro,2009,4.3,2062,150.0,1148
El Viejo,2016,4.3,2013,33.95,1149
Reserva Tinto,2014,4.3,1924,48.6377226796774,1150
3er Ano Ribera del Duero Tinto,2016,4.3,1914,27.29,1151
Tinto,2016,4.3,1884,65.9,1152
Tinto,2015,4.3,1846,33.66,1153
Tinto,2012,4.3,1824,190.0,1154
Mas La Plana Cabernet Sauvignon,2015,4.3,1797,55.0,1155
Tinto,2016,4.3,1749,26.9,1156
Numanthia,2015,4.3,1743,36.9,1157
Ribera del Duero Una Cepa I,2015,4.3,1645,25.95,1158
Reserva Tinto,2016,4.3,1638,34.5,1159
Rioja Gran Reserva,2012,4.3,1615,47.9,1160
Garnacha,2014,4.3,1544,36.94,1161
Rioja Gran Reserva 904,1998,4.3,1528,75.0,1162
Vina Arana Gran Reserva,2014,4.3,1525,24.9,1163
Rioja Reserva,2006,4.3,1493,58.0,1164
Vina Arana Gran Reserva,2012,4.3,1471,32.55,1165
Bosque de Matasnos Etiqueta Blanca,2018,4.3,1465,26.9,1166
Matusalem Sherry VORS,N.V.,4.3,1452,63.34,1167
Reserva Privada Rioja,2014,4.3,1367,37.9,1168
Ribera del Duero Una Cepa I,2014,4.3,1362,46.95,1169
Roda I Reserva Rioja,2008,4.3,1330,39.22,1170
Reserva Seleccion de la Familia,2016,4.3,1282,18.5,1171
Apostoles 30 Years Old Sherry,N.V.,4.3,1247,74.0,1172
200 Monges Rioja Reserva,2010,4.3,1230,35.0,1173
Reserva,2016,4.3,1230,26.7597646010531,1174
Belondrade y Lurton,2015,4.3,1230,32.7,1175
Vinas Viejas Verdejo,2016,4.3,1181,49.0,1176
Victorino,2014,4.3,1178,38.0,1177
Ribera del Duero,2016,4.3,1119,33.59,1178
Gran Reserva Rioja (Finca Ygay),2011,4.3,1118,94.95,1179
Gaudium,2012,4.3,1116,36.91,1180
Triga,2014,4.3,1114,30.67,1181
El Puntido,2014,4.3,1067,86.15,1182
Don Guido Pedro Ximenez Solera Especial Aged 20 Years,N.V.,4.3,1057,32.9,1183
Reserva Seleccion de la Familia,2014,4.3,1022,17.07,1184
Crianza Tinto,2019,4.3,1011,19.45,1185
Rioja Gran Reserva,2013,4.3,995,39.9,1186
Vendimia,2016,4.3,930,28.65,1187
El Puntido,2015,4.3,929,33.82,1188
Dalmau Rioja,2012,4.3,916,67.95,1189
Dalmau Rioja,2013,4.3,912,60.95,1190
Gran Reserva Rioja,2011,4.3,901,35.01,1191
Torre Muga,2011,4.3,900,69.95,1192
Vinas Viejas Verdejo,2018,4.3,885,28.18,1193
Victorino,2013,4.3,878,34.22,1194
Rioja Gran Reserva,2014,4.3,835,49.75,1195
Priorat Vinyes Velles,2016,4.3,828,33.95,1196
Reserva,2014,4.3,818,21.5,1197
Finca Dofi,2012,4.3,814,80.0,1198
San Vicente Rioja,2014,4.3,811,36.0,1199
Rioja Reserva,2017,4.3,799,25.45,1200
Vina Ardanza Reserva,2010,4.3,783,17.16,1201
Toro,2004,4.3,760,116.9,1202
200 Monges Rioja Reserva,2009,4.3,760,39.5,1203
El Puntido Gran Reserva,2006,4.3,754,40.0,1204
Gran Reserva Rioja (Finca Ygay),2012,4.3,749,39.78,1205
An,2017,4.3,740,39.98,1206
Torre Muga,2014,4.3,728,69.9,1207
San Vicente Rioja,2007,4.3,724,77.7,1208
Priorat,2009,4.3,723,95.0,1209
La Baraja,2016,4.3,716,24.9,1210
Tinto,2018,4.3,693,25.9,1211
Finca Malaveina,2017,4.3,687,22.5,1212
Gran Reserva Rioja (Finca Ygay),2014,4.3,685,50.0,1213
Granja Gran Reserva Rioja,2009,4.3,682,57.8,1214
Reserva XR,2016,4.3,676,21.24,1215
Alenza Ribera del Duero Gran Reserva,2006,4.3,675,70.0,1216
Chardonnay Fermentado en Barrica,2019,4.3,674,15.75,1217
Vatan Tinta de Toro,2016,4.3,665,26.0,1218
A Mano Rioja,2016,4.3,663,25.8208254922442,1219
Baron de Chirel Rioja Reserva,2014,4.3,661,62.95,1220
Alicante Bouschet by Tarima,2017,4.3,658,17.15,1221
Reserva Ribera del Duero,2014,4.3,641,33.9,1222
Finca Dofi,2011,4.3,613,80.0,1223
Finca Dofi,2013,4.3,605,80.0,1224
Chardonnay Fermentado en Barrica,2018,4.3,603,16.9,1225
Ribera del Duero,2017,4.3,598,40.92,1226
Priorat,2008,4.3,592,95.0,1227
Oloroso Tradicion Vors 30 Years,N.V.,4.3,590,58.9,1228
Seleccion de Anada Albarino Rias Baixas,2011,4.3,582,30.887605,1229
Ribera del Duero TSM,2019,4.3,577,67.5,1230
Pago Valdebellon,2015,4.3,569,67.45,1231
Vinas Viejas,2016,4.3,567,16.5,1232
A Mano Rioja,2012,4.3,559,30.71,1233
Dominio de Atauta,2017,4.3,556,25.25,1234
Gran Reserva,2014,4.3,553,41.95,1235
Tierras de Cair Reserva,2012,4.3,535,38.3,1236
Crianza,2019,4.3,533,19.95,1237
Seleccion Finca el Grajo Viejo,2014,4.3,530,59.87,1238
Perpetual,2016,4.3,530,63.5,1239
Laurel,2017,4.3,527,46.88,1240
Priorat,2006,4.3,527,95.0,1241
Finca Dofi,2017,4.3,522,99.9,1242
Victorino,2011,4.3,517,47.01,1243
Seleccion La Aguilera,2016,4.3,511,15.9,1244
Finca Martelo,2015,4.3,512,21.15,1245
Priorat Vinyes Velles,2011,4.3,501,49.9,1246
Rioja Blanco,2018,4.3,495,23.83,1247
Pedro Ximenez Murillo Seleccion del Centenario,N.V.,4.3,481,40.0,1248
El Puntido,2016,4.3,474,33.0,1249
Pago Negralada,2015,4.3,474,67.82,1250
Mirto,2014,4.3,473,48.34,1251
Torre Muga,2005,4.3,468,99.9,1252
Vi de Vila Gratallops,2017,4.3,463,54.9,1253
Clos Martinet,2005,4.3,461,116.05,1254
Vi de Vila Gratallops,2016,4.3,461,48.75,1255
Ribera del Duero,2000,4.3,456,98.0,1256
I Gran Reserva,1964,4.3,454,272.0,1257
Rioja Gran Reserva,2015,4.3,453,40.45,1258
Roda Reserva Rioja,2004,4.3,452,81.35,1259
I Gran Reserva,1970,4.3,449,206.91,1260
Vinas Viejas Verdejo,2017,4.3,449,42.0,1261
Gran Reserva,1998,4.3,445,34.9,1262
Reserva,2013,4.3,431,53.95,1263
Rioja Vina Coqueta,2008,4.3,429,56.7603202298046,1264
Seleccion Finca el Grajo Viejo,2010,4.3,427,62.74,1265
Vermello Vermu,N.V.,4.3,424,10.89,1266
Toro,2003,4.3,422,107.0,1267
Capellania Reserva,2016,4.3,422,32.33,1268
Los Tabaqueros,2006,4.3,419,21.95,1269
Torre Albeniz Reserva Ribera del Duero,2016,4.3,419,28.85,1270
Castillo Ygay Gran Reserva Especial Tinto,1998,4.3,418,160.0,1271
Finca El Otero,2016,4.3,411,26.9,1272
Familia Comenge Reserva,2016,4.3,410,21.3,1273
Gran Reserva Rioja (Finca Ygay),2013,4.3,405,42.0,1274
Tierra Alta de 2 Cotas Reserva,2014,4.3,407,30.5,1275
Castillo Ygay Gran Reserva Especial Tinto,1989,4.3,404,160.0,1276
Fagus de Coto de Hayas Garnacha,2017,4.3,398,21.02,1277
Finca Terrerazo,2018,4.3,397,22.8,1278
Laurel,2018,4.3,397,36.57,1279
Finca Dofi,2009,4.3,384,85.0,1280
Godello,2019,4.3,375,23.4,1281
Priorat,2005,4.3,375,110.0,1282
Malabrigo Ribera del Duero,2015,4.3,374,53.5,1283
El Puntido,2017,4.3,371,35.95,1284
Godina Garnacha,2019,4.3,370,16.25,1285
Perez Pascuas Gran Reserva Seleccion,2011,4.3,370,498.614195,1286
Rioja Gran Reserva,2010,4.3,368,25.95,1287
Coleccion Privada,2017,4.3,366,29.0132184621944,1288
Porrera Vi de Vila,2012,4.3,364,40.5,1289
QS,2014,4.3,358,35.85,1290
Don Miguel Comenge Reserva,2011,4.3,355,38.4,1291
3.9,2017,4.3,345,20.65,1292
Numanthia,2016,4.3,345,39.53,1293
Montes de Toledo Syrah,2018,4.3,344,25.31,1294
Vi de Vila Gratallops,2018,4.3,344,53.95,1295
Finca Iscorta Gran Reserva,2010,4.3,334,27.0,1296
Le Domaine Blanco de Guarda,2016,4.3,327,36.95,1297
Finca Biniagual Veran,2017,4.3,322,26.5,1298
Brega Garnacha,2017,4.3,317,27.9,1299
Toro,2001,4.3,315,189.45,1300
La Cueva del Contador Rioja,2010,4.3,312,90.0,1301
Le Domaine Blanco de Guarda,2018,4.3,309,34.1,1302
Elite,2017,4.3,301,35.51,1303
La Mar,2018,4.3,301,27.7,1304
Pago Garduna,2015,4.3,299,75.0,1305
I Gran Reserva,1982,4.3,298,425.0,1306
Victorino,2018,4.3,298,35.51,1307
Mirto,2015,4.3,297,33.9,1308
Rioja Reserva,1994,4.3,296,65.0,1309
La Hormiga de Antidoto,2018,4.3,293,45.0,1310
Finca Dofi,2018,4.3,292,84.9,1311
Chafandin,2015,4.3,290,27.85,1312
Reserva Tinto,2018,4.3,287,30.99,1313
Nelin Priorat,2016,4.3,290,36.5,1314
Arcos de la Frontera,2017,4.3,284,25.9,1315
Albarino,2020,4.3,281,13.75,1316
Calvario Rioja,2006,4.3,279,53.35,1317
Clos Fonta Priorat,2014,4.3,278,54.5,1318
La Cueva del Contador Rioja,2014,4.3,275,90.15,1319
Cepas Vellas Godello,2019,4.3,272,18.48,1320
Vina del Olivo,2007,4.3,272,92.0,1321
Las Sabias,2017,4.3,270,22.55,1322
Galena,2016,4.3,264,17.95,1323
Finca Dofi,2010,4.3,263,85.0,1324
Bosque de Matasnos Etiqueta Blanca,2019,4.3,260,26.9,1325
Vina del Olivo,2011,4.3,260,63.95,1326
Cerro Anon Rioja Gran Reserva,2015,4.3,258,12.9,1327
Ekam,2019,4.3,257,24.61,1328
Llanos del Almendro Ribera del Duero,2009,4.3,251,107.74,1329
Clos Martinet,2004,4.3,249,162.5,1330
Vatan Tinta de Toro,2018,4.3,247,33.6,1331
Chardonnay Fermentado en Barrica,2020,4.3,244,16.9,1332
Masdeu,2013,4.3,242,84.9,1333
Ribera Del Duero,2019,4.3,242,30.9,1334
Lapola,2017,4.3,241,21.8,1335
Pantocrator,2010,4.3,241,19.9,1336
Senorio de Cuzcurrita Rioja,2017,4.3,239,24.3677926503816,1337
Finca Malaveina,2018,4.3,239,18.88,1338
Malpuesto,2017,4.3,239,30.3,1339
Silencio de Miros Ribera Del Duero,2015,4.3,239,42.35,1340
Pago Valdebellon,2014,4.3,237,64.5,1341
Clos Figueres,2012,4.3,237,49.61,1342
Castillo Ygay Gran Reserva Especial Tinto,1995,4.3,234,145.0,1343
No. 2 Victoria,2017,4.3,232,21.4,1344
Queiron Mi Lugar,2018,4.3,232,21.5,1345
Rioja Blanco,2016,4.3,227,55.0,1346
Purgatori Costers del Segre,2018,4.3,228,27.9,1347
Perfume de Sonsierra,2014,4.3,227,28.5,1348
Chafandin,2011,4.3,223,25.65,1349
Valdegines,2017,4.3,223,43.95,1350
Clos Martinet,2017,4.3,222,60.45,1351
Chardonnay Roure,2018,4.3,221,30.3,1352
Rioja Graciano,2015,4.3,220,62.5,1353
Clos Figueres,2016,4.3,219,57.49,1354
Clos Martinet,2010,4.3,218,127.2,1355
Castillo Ygay Gran Reserva Especial Tinto,1994,4.3,216,182.0,1356
Vendimia,2018,4.3,215,34.25,1357
ARX Arcos de la Frontera,2018,4.3,215,15.9,1358
La Bienquerida,2017,4.3,213,37.35,1359
Perez Pascuas Gran Reserva Seleccion,2012,4.3,211,259.0,1360
Navarra Reserva Coleccion 125,2015,4.3,211,20.5,1361
Suprema 30 Meses,2012,4.3,210,24.0,1362
Finca Dofi,2007,4.3,209,80.0,1363
Venus,2009,4.3,207,59.55,1364
Porrera Vi de Vila,2016,4.3,205,50.67,1365
Roda I Reserva Rioja,2001,4.3,202,91.0,1366
Finca Dofi,2000,4.3,202,88.0,1367
Clos Figueres,2015,4.3,201,70.89,1368
Pie Franco,2016,4.3,200,59.9,1369
Grillo,2012,4.3,200,32.9,1370
Prieto Picudo,2016,4.3,198,21.4,1371
Seleccio Especial Vinyes Velles,2014,4.3,197,64.0,1372
Emeritvs (Emeritus),2011,4.3,197,47.0,1373
Rioja Blanco,2014,4.3,196,60.25,1374
Sofia,2018,4.3,195,15.9,1375
Finca Cuesta Clara Raro Reserva,2011,4.3,194,32.0,1376
Pagos Viejos,2013,4.3,193,62.5,1377
Fermentado En Barrica Blanco,2017,4.3,193,24.5,1378
Clos Martinet,2006,4.3,192,110.0,1379
Doix,2012,4.3,191,82.0,1380
Pago Valdebellon,2010,4.3,191,55.0,1381
Tinto,2014,4.3,190,36.5,1382
Le Domaine Blanco de Guarda,2014,4.3,190,123.82,1383
Clos Martinet,2013,4.3,189,114.6,1384
Pagos Viejos,2001,4.3,189,130.0,1385
Ribera del Duero,2018,4.3,188,33.5,1386
Ribera Del Duero Gran Reserva,2010,4.3,187,62.8,1387
Godello Blanco,2017,4.3,186,34.5,1388
Vinas Viejas de Soria Ribera Del Duero,2014,4.3,184,92.24,1389
Hipperia Red Blend,2016,4.3,184,36.111307180686,1390
Tinto,2015,4.3,184,56.92,1391
Clos Martinet,2012,4.3,178,117.3,1392
Vinya La Scala Gran Reserva Cabernet Sauvignon,2013,4.3,177,41.9,1393
Atteca Armas Garnacha Old Vines,2017,4.3,176,32.9,1394
Syrah (Shiraz),2016,4.3,175,23.5,1395
Campo Eliseo,2009,4.3,175,48.5,1396
Vinas Viejas Tempranillo,2017,4.3,174,28.38,1397
Rioja Graciano,2016,4.3,174,64.75,1398
Delicado Cosecha Pedro Ximenez,2017,4.3,172,19.9,1399
Cepas Vellas Rias Baixas Albarino,2019,4.3,172,33.95,1400
Teixar,2012,4.3,171,42.25,1401
Vitium Reserva,2010,4.3,171,27.8,1402
Lo Cabalo Reserva,2015,4.3,171,26.9,1403
Perez Pascuas Gran Reserva Seleccion,2014,4.3,171,245.53,1404
Finca Matambres,2016,4.3,170,28.3,1405
Suzzane Rioja,2016,4.3,168,37.29,1406
Giro de Abargues,2019,4.3,167,23.5,1407
Sofia,2016,4.3,166,18.9,1408
Reserva Vermouth Rojo,N.V.,4.3,166,8.95,1409
Punta Esencia,2011,4.3,163,32.45,1410
Finca Los Hoyales Ribera del Duero,2013,4.3,163,41.28,1411
Casa Cisca Monastrell,2010,4.3,161,33.77,1412
Pla dels Angels Rosado,2019,4.3,160,23.0,1413
Gran Reserva,2009,4.3,159,67.0,1414
Uro,2015,4.3,155,31.45,1415
Tras da Vina Albarino,2018,4.3,155,33.67,1416
Cava Kripta Gran Reserva Brut Nature,2006,4.3,155,87.39,1417
Rioja Gran Reserva 904,1989,4.3,154,150.0,1418
Ribera del Duero Torralvo,2016,4.3,153,45.48,1419
Clos Fonta Priorat,2007,4.3,153,125.0,1420
Teixar,2014,4.3,151,39.5,1421
Calvario Rioja,2004,4.3,150,90.0,1422
Serral del Vell Brut Nature,2013,4.3,149,44.41,1423
Albarino,2019,4.3,150,21.5,1424
Masia Carreras Negre,2018,4.3,149,20.59,1425
Branco Vermu,N.V.,4.3,148,13.95,1426
Palmeri Navalta Garnacha,2016,4.2,151,28.9,1427
Rioja Blanco,2015,4.3,146,56.89,1428
Elite,2018,4.3,145,30.9166666666667,1429
Tinto,2018,4.3,145,39.9,1430
Reserva,2002,4.3,144,65.0,1431
Gran Reserva,1995,4.3,142,146.05,1432
La Plazuela,2015,4.3,141,44.05,1433
Gran Reserva Ribera del Duero,2014,4.3,140,62.56,1434
Solar de Estraunza Reserva,2014,4.3,140,9.8840336,1435
III a.C,2011,4.3,140,46.16,1436
V2 Tinto,2007,4.3,140,48.537665,1437
La Vina de Andres Romeo Rioja,2011,4.3,139,97.5,1438
Matallana,2014,4.3,138,42.0,1439
Rioja Norte,2010,4.3,138,75.0,1440
Roda I Reserva Rioja,2000,4.3,137,85.0,1441
Tinto,2016,4.3,137,52.8,1442
Artigas,2019,4.3,136,20.4,1443
Chafandin,2017,4.3,136,26.2902950466486,1444
Tinto,2018,4.3,136,19.9,1445
Godello Blanco,2015,4.3,135,92.45,1446
Julia,2018,4.3,135,17.95,1447
Clos Martinet,2003,4.3,135,130.5,1448
Jerez-Xeres-Sherry 30 Year Old Oloroso VORS,N.V.,4.3,135,39.0,1449
Pancrudo,2019,4.3,134,34.9,1450
Aurea,2012,4.3,133,28.5,1451
Coleccion Syrah,2017,4.3,133,25.89,1452
Flor de Primavera Peraj Ha'abib,2018,4.3,133,27.5,1453
Altos de Losada El Cepon,2017,4.3,132,35.9,1454
Rioja Blanco,2013,4.3,131,63.53,1455
Gran Vino Blanco,2014,4.3,131,112.76,1456
Crianza Vendimia Seleccionada,2018,4.3,130,18.95,1457
Vermouth Reserva,N.V.,4.3,129,10.45,1458
Ribera del Duero Torralvo,2015,4.3,128,40.95,1459
Matallana,2016,4.3,128,39.75,1460
Finca Azaya Premium,2015,4.3,128,23.44,1461
Tinto,2015,4.3,127,133.34,1462
Ribera del Duero Tinto,2005,4.3,126,35.0,1463
Clos Martinet,2018,4.3,125,57.5,1464
No. 20,2016,4.3,124,23.95,1465
Rioja Blanco,2011,4.3,123,77.9,1466
Montes Obarenes Seleccion Terroir,2015,4.3,122,97.35,1467
Els Escurcons,2015,4.3,122,84.95,1468
Clos Fonta Priorat,2015,4.3,122,53.9,1469
Tinto,2015,4.3,122,12.19,1470
La Casilla Amontillado,N.V.,4.3,122,43.95,1471
Palo Cortado,N.V.,4.3,119,85.4,1472
Martelo Reserva,2015,4.3,119,23.43,1473
Classic,2010,4.3,118,43.24,1474
Acediano,2018,4.3,120,35.0,1475
Gloria Rioja,2010,4.3,117,54.52,1476
Vintage Albarino,2013,4.3,117,24.0,1477
Cardenal Palo Cortado VORS,N.V.,4.3,116,176.5,1478
Vallegarcia Viognier,2019,4.3,114,18.5,1479
Finca la Atalaya Reserva,2017,4.3,114,23.5,1480
Tempranillo Reserva,2002,4.3,112,28.0,1481
Blecua Somontano,2011,4.3,112,73.9,1482
Priorat,2000,4.3,111,100.0,1483
Rioja Graciano,2017,4.3,111,62.9,1484
Grandes Anadas Rioja,1999,4.3,111,265.0,1485
Clos Cypres Vinyes Velles (Old Vines),2015,4.3,111,49.0,1486
Castineiro Albarino,2017,4.3,111,30.75,1487
Amontillado V.O.R.S,N.V.,4.3,110,50.0,1488
Altar,2008,4.3,109,32.18,1489
Gran Barquero Palo Cortado Solera 25 Anos,N.V.,4.3,108,34.9,1490
Toro Gran Elias Mora,2014,4.3,108,33.5,1491
Vinas Viejas de Soria Ribera Del Duero,2015,4.3,108,92.24,1492
Gran Vino Blanco,2004,4.3,108,52.95,1493
Arnau Oller Seleccio de la Familia,2016,4.3,108,33.15,1494
Roda Reserva Rioja,2018,4.3,108,24.51,1495
Nebro Ribera del Duero,2009,4.3,107,135.95,1496
Rioja Norte,2011,4.3,106,46.9,1497
Don PX Gran Reserva,1988,4.3,104,19.8,1498
Classic,2011,4.3,102,39.51,1499
Classic,1997,4.3,102,119.95,1500
Vina Tondonia Reserva,1964,4.3,101,249.0,1501
Las Lamas Bierzo (Corullon),2016,4.3,100,95.25,1502
Orbus,2016,4.3,100,24.95,1503
La Bienquerida,2015,4.3,100,36.91,1504
Les Manyes,2014,4.3,99,158.88,1505
Finca Dofi,2003,4.3,99,90.6,1506
Malbec,2018,4.3,99,24.9,1507
Altos de Losada,2019,4.3,97,18.35,1508
Gran Vino Blanco,2016,4.3,95,65.25,1509
Reserva Especial Rioja,2010,4.3,95,23.95,1510
Aurus,2004,4.3,94,148.65,1511
La Time,2000,4.3,94,21.95,1512
QS,2017,4.3,93,37.49,1513
Dolc Mataro,2017,4.3,92,16.5,1514
Priorat Vinyes Velles,2018,4.3,94,33.95,1515
Vendimia Tardia Moscatel,2019,4.3,91,10.76,1516
Hiru 3 Rioja Racimos,2005,4.3,91,118.0,1517
Triaca,2013,4.3,90,34.9,1518
Prado Enea Gran Reserva,1982,4.3,90,150.0,1519
Amontillado 51-1a 30 Years VORS Sherry,N.V.,4.3,89,64.8,1520
Cyclo,2018,4.3,89,35.15,1521
Tinto,2017,4.3,89,145.0,1522
Maimo Garnatxa,2018,4.3,88,26.9,1523
Montes Obarenes Seleccion Terroir,2017,4.3,88,42.9,1524
Gran Reserva 890,1989,4.3,88,215.34,1525
Fos Baranda,2017,4.3,87,29.9,1526
Finca la Oracion,2017,4.3,88,20.45,1527
Albarino Pedralonga,2019,4.3,86,15.71,1528
Mas de Masos,2006,4.3,86,39.99,1529
Com Tu,2018,4.3,85,34.95,1530
El Rocallis,2015,4.3,83,88.0,1531
Iugiter,2015,4.3,83,25.5,1532
Doix,2016,4.3,83,79.9,1533
Ultreia Valtuille Mencia,2019,4.3,83,45.9,1534
La Chispa Negra,2011,4.3,82,24.0,1535
Sauvignon Blanc,2021,4.3,83,8.9,1536
Reserva,2010,4.3,82,65.0,1537
Clos Adrien,2013,4.3,82,47.0,1538
Sofia,2017,4.3,82,20.5,1539
Cava Original Brut (Espumos),2008,4.3,81,62.9,1540
Laderas Rioja,2014,4.3,81,31.13,1541
Reserva,1995,4.3,81,73.0,1542
La Basseta,2014,4.3,80,58.0,1543
El Rocallis,2016,4.3,80,34.5,1544
Blanco de Parcela,2019,4.3,80,41.9,1545
Finca la Beata Bobal,2014,4.3,80,33.9,1546
Resalte Expresion,2015,4.3,80,28.5,1547
Cava Brut Milesime,2017,4.3,80,24.1,1548
Syrah de Matasnos,2019,4.3,80,27.9,1549
Amancio,2016,4.3,80,84.5,1550
Massipa de Scala Dei Garnatxa Blanca - Xenin,2018,4.3,79,36.78,1551
Seleccion Privada,2015,4.3,79,54.5,1552
Nunci Negre,2013,4.3,79,21.4,1553
Oloroso Extra Viejo 1/7,N.V.,4.3,78,217.8,1554
Musivari Gran Reserva Brut Nature,2007,4.3,77,23.22,1555
Amaya Arzuaga (Coleccion),2015,4.3,77,51.2,1556
Christina Ribera del Duero,2017,4.3,77,38.0,1557
La Cueva del Contador Rioja,2018,4.3,77,67.9,1558
San Vicente Rioja,2018,4.3,77,32.9,1559
Faustino de Autor Reserva Especial,1994,4.3,76,45.0,1560
Rioja Gran Reserva 904,1964,4.3,76,260.0,1561
Vinas Viejas Aguilera,2010,4.3,76,69.0,1562
Prado Enea Gran Reserva,1985,4.3,75,98.0,1563
Les Manyes,2013,4.3,74,348.85,1564
Pla dels Angels Rosado,2020,4.3,74,23.95,1565
Juan Piernas Finca El Paso Malo Monastrell,2017,4.3,74,27.9,1566
Albarino Pedralonga,2020,4.3,74,15.0,1567
Vina del Olivo,2004,4.3,74,155.0,1568
Pedra de Guix,2017,4.3,73,57.9,1569
Vinyes Velles de Samso,2016,4.3,73,36.93,1570
Hispania,2015,4.3,73,52.0,1571
Malvasia,2017,4.3,72,31.5,1572
Priorat,2006,4.3,72,654.31,1573
Vina Ardanza Reserva,1985,4.3,72,75.0,1574
La Bota 69 de Amontillado,N.V.,4.3,72,113.72,1575
Antigues Reserves,2000,4.3,72,27.45,1576
Regina Vides Ribera del Duero,2018,4.3,71,69.9,1577
Baron de Chirel Verdejo Vinas Centenarias,2018,4.3,71,40.5,1578
Gran Calzadilla,2009,4.3,70,39.95,1579
Alto de la Caseta,2008,4.3,70,55.45,1580
Clos Martinet,2002,4.3,70,177.45,1581
Masia Carreras Negre,2019,4.3,69,11.91,1582
Clos Monlleo,2007,4.3,68,54.95,1583
Priorat,2018,4.3,68,25.88,1584
Milagros de Figuero,2016,4.3,68,34.85,1585
Las Botas Palo Cortado Horizontal,N.V.,4.3,67,37.0,1586
Rioja Norte,2006,4.3,67,75.0,1587
La Riva Fino Balbaina Alta,N.V.,4.3,67,47.45,1588
Coma Bruna,2017,4.3,67,22.8,1589
Vina Tondonia Gran Reserva,1981,4.3,66,199.0,1590
Palo Cortado de la Cruz de 1767,N.V.,4.3,66,59.9,1591
Grano a Grano Tempranillo,2016,4.3,65,120.13,1592
Voltons,2015,4.3,64,47.0,1593
Masdeu,2014,4.3,64,84.9,1594
Tinto,2016,4.3,64,78.95,1595
Crianza,2019,4.3,64,9.99,1596
S'Alou,2018,4.3,64,31.5,1597
Altos R Pigeage,2016,4.3,63,29.95,1598
Massipa de Scala Dei Garnatxa Blanca - Xenin,2019,4.3,62,36.95,1599
Finca Monteviejo,2017,4.3,62,32.0,1600
Rioja Gran Reserva,2014,4.3,62,25.95,1601
Habis,2018,4.3,62,21.5,1602
5o Ano,2014,4.3,62,23.3863295,1603
Gaminde,2016,4.3,62,43.8,1604
Nun Vinya dels Taus,2017,4.3,62,123.75,1605
Els Escurcons,2018,4.3,61,75.5,1606
Varietal Fermentacion Lenta,2019,4.3,61,29.9,1607
El Cordero y las Virgenes,2016,4.3,60,24.0,1608
Clos Fonta Priorat,2001,4.3,60,150.0,1609
Finca Las Comas Verdejo,2016,4.3,60,29.4,1610
Finca Dofi,1997,4.3,60,170.0,1611
La Poza de Ballesteros,2016,4.3,60,93.26,1612
Vinas Viejas de Soria Ribera Del Duero,2019,4.3,59,75.95,1613
Reserva,2014,4.3,59,23.77,1614
Selection 1884 Vermouth Gran Reserva,N.V.,4.3,57,27.11,1615
Macan Clasico,2018,4.3,57,42.5,1616
Dalmau Rioja,2002,4.3,57,75.0,1617
Tomas Esteban,2010,4.3,57,68.99,1618
Prieto Picudo,2018,4.3,57,21.95,1619
Garnacha Tintorera,2017,4.3,57,13.237545,1620
Penalba Lopez Blanco,2019,4.3,57,13.65,1621
Cabernet,2012,4.3,57,23.5,1622
El Cuentista,2018,4.3,57,17.9,1623
Porrera Vi de Vila,2018,4.3,56,49.95,1624
Les Manyes,2011,4.3,56,348.85,1625
Tahulla Moscatel Blanco Seco,2018,4.3,56,11.95,1626
Juegabolos,2017,4.3,56,28.6,1627
3.9,2018,4.3,56,21.3,1628
Sketch,2019,4.3,56,44.95,1629
Clos del Portal Somni,2008,4.3,55,36.3,1630
De Garage Rioja,2017,4.3,55,32.0,1631
Montsalvat,2007,4.3,54,39.712635,1632
Galena,2018,4.3,54,17.9,1633
Sio Negre,2019,4.3,53,39.9,1634
Aurus,2001,4.3,53,140.0,1635
Chardonnay Uno,2012,4.3,53,249.95,1636
Vendimia Seleccionada,2015,4.3,53,28.83,1637
Nebro Ribera del Duero,2013,4.3,53,196.29,1638
Pago de Otazu Chardonnay Con Crianza,2018,4.3,53,28.4,1639
Verdejo Fermentado en Barrica,2020,4.3,53,14.5,1640
Rioja Gran Reserva 904,1970,4.3,53,260.0,1641
Don PX Pedro Ximenez,1999,4.3,52,36.9,1642
Vinyes Altes de Les Garrigues Vi Blanc,2019,4.3,52,25.8,1643
Vina Centenaria Mencia,2014,4.3,52,38.0,1644
Grans Muralles,2017,4.3,52,137.75,1645
Clos de L'Obac,2009,4.3,51,79.9,1646
Malvasia,2017,4.3,51,41.5,1647
Cerro del Lobo Syrah,2018,4.3,51,24.5,1648
Estrats,2012,4.3,51,68.55,1649
Masdeu,2016,4.3,51,81.35,1650
Regina Vides Ribera del Duero,2001,4.3,50,121.5,1651
Celia,2014,4.3,50,79.98,1652
Gaudium,1998,4.3,50,60.0,1653
Summum Monastrell,2019,4.3,50,13.99,1654
Doix,2002,4.3,49,195.52,1655
Finca La Herradura,2014,4.3,49,68.0,1656
Reserva Especial,2014,4.3,49,16.9,1657
Alma de Mar Albarino,2019,4.3,49,27.5,1658
Canasta 20 Anos Cream,N.V.,4.3,49,29.25,1659
Rioja Anadas Frias,2016,4.3,49,75.0,1660
5o Ano,2016,4.3,49,23.9,1661
Suzzane Rioja,2019,4.3,48,34.9,1662
Castillo Ygay Gran Reserva Especial Tinto,1925,4.3,48,532.0,1663
Llanos del Almendro Ribera del Duero,2010,4.3,48,95.0,1664
Monreal,2015,4.3,48,44.1,1665
Blanco,2019,4.3,48,17.7,1666
8 Vents Mallorca,2019,4.3,47,18.9,1667
Venus,2017,4.3,47,35.35,1668
Gran Reserva 890,1981,4.3,47,270.0,1669
Vd'O 1 Samso - Pissarra,2012,4.3,46,34.95,1670
Les Manyes,2012,4.3,46,348.85,1671
Tempranillo Reserva,2012,4.3,46,14.9,1672
La Cuartilleja Reserva,2015,4.3,46,39.7,1673
Cava Gran Reserva La Capella Brut,2010,4.3,46,75.5,1674
Coleccion No. 3 Cosecha,2014,4.3,45,189.9,1675
Rioja Gran Reserva,2016,4.3,45,21.01,1676
Albarino Sobre Lias,2015,4.3,45,23.9,1677
Nobbis,2019,4.3,45,12.8,1678
Rara Avis Prieto Picudo,2013,4.3,45,39.95,1679
Sensal,2020,4.3,45,22.35,1680
Campo Eliseo Blanco,2018,4.3,45,27.25,1681
Blanc de Neu,2016,4.3,45,16.99,1682
Reserva,1995,4.3,45,55.0,1683
La Mar,2019,4.3,45,21.5,1684
Las Lamas Bierzo (Corullon),2017,4.3,44,106.92,1685
Vinas Viejas,2014,4.3,44,37.065126,1686
T3rno Seleccion de 3 Parcelas Ribera del Duero,2017,4.3,44,38.5,1687
Fino La Barajuela,2016,4.3,44,69.95,1688
Clos Abella Seleccion Especial,2016,4.3,44,43.5,1689
Parcelas de Maturana Tinta Coleccion Rioja,2017,4.3,44,36.5,1690
Reserva Real,1998,4.3,43,213.5,1691
Attis Embaixador Albarino,2018,4.3,43,21.89,1692
Vitola Reserva,2016,4.3,42,21.9,1693
San Cucufate Monasterio,2017,4.3,42,33.0,1694
Tras Los Muros Albarino,2017,4.3,42,38.0,1695
Godello,2020,4.3,42,24.77,1696
CM Tinto,2017,4.3,42,17.75,1697
La Loma & Los Santos Garnacha Blanca - Macabeo,2018,4.3,41,40.9,1698
200 Monges Rioja Gran Reserva,2005,4.3,40,52.5,1699
Clos Adrien,2016,4.3,40,48.91,1700
Gratallops Escanya-Vella,2018,4.3,40,27.1,1701
Lalomba Finca Ladero,2016,4.3,40,58.25,1702
Oloroso En Rama,N.V.,4.3,40,24.9,1703
El Reventon Cebreros,2016,4.3,40,67.95,1704
Amontillado Napoleon Vinos Viejos 30 Year Old Sherry,N.V.,4.3,40,74.9,1705
Navarra Vendimia Tardia Coleccion 125,2018,4.3,39,25.95,1706
Tinto,2018,4.3,39,119.0,1707
Manar dos Seixas,2019,4.3,38,13.5,1708
200 Monges Edicion Exclusiva Blanco Reserva,2010,4.3,38,51.45,1709
Montsalvat,2005,4.3,38,56.27,1710
Eolic Sauvignon Blanc,2016,4.3,38,11.65,1711
Finca Valmediano Tinta de Toro 16 Meses Barrica,2012,4.3,38,32.9,1712
Cantos del Diablo,2018,4.3,38,197.0,1713
Teofilo Reyes Crianza,2019,4.3,38,14.71,1714
Recondita Armonia Monastrell Dulce,2018,4.3,38,16.45,1715
Falguera,2009,4.3,38,53.55,1716
Epistem No. 3,2016,4.3,38,18.9,1717
Molino Real,2015,4.3,38,53.3,1718
Angel Ribera del Duero,2015,4.3,37,31.9,1719
Pleret,2012,4.3,37,55.5,1720
A Torna dos Pasas Escolma Ribeiro,2016,4.3,37,40.75,1721
Costers Del Segre 1780,2017,4.3,37,22.9,1722
Ines,2010,4.3,37,76.87,1723
Ines,2014,4.3,37,79.98,1724
Honoris,2005,4.3,37,35.0,1725
La Revelia Godello,2019,4.3,37,21.65,1726
Club Rioja Reserva,2012,4.3,36,20.95,1727
Camino del Abuelo Vinas Viejas,2013,4.3,36,243.8,1728
La Morera de San Lazaro,2016,4.3,36,80.0,1729
Tinto,2000,4.3,36,60.4,1730
Quintanilla,2016,4.3,35,65.9,1731
Reserva,2014,4.3,35,10.2,1732
Salvaxe,2018,4.3,35,26.75,1733
Vina Tondonia Reserva,2014,4.3,35,47.95,1734
Vi De Glass Gewurztraminer,2017,4.3,35,18.58,1735
Finca Los Quemados,2016,4.3,35,27.7,1736
Teofilo Reyes Crianza,2018,4.3,35,11.94,1737
Rioja Reserva,1985,4.3,35,45.0,1738
Albarino (O Rosal),2021,4.3,35,13.45,1739
Les Manyes,2017,4.3,35,180.0,1740
Rioja,2005,4.3,34,29.0,1741
Vino de Autor Ribeiro Blanco,2020,4.3,34,15.9,1742
Rioja Reserva,1994,4.3,34,65.0,1743
Argila Reserva 3 Anys Brut Nature,2013,4.3,34,21.6,1744
Octogenarius,2014,4.3,34,46.5,1745
Finca La Pedrissa,2015,4.3,34,37.9,1746
Magister,2017,4.3,35,35.5,1747
Ribera del Duero Vendimia Seleccionada VT,2018,4.3,34,27.9,1748
Porcellanic VI Xarel-lo Sur Lie,2011,4.3,33,110.47,1749
Sibila,2017,4.3,33,32.46,1750
Emporda Reserva Especial Don Miguel Mateu,2015,4.3,33,15.56,1751
200 Cestos Godello,2020,4.3,33,23.7,1752
Heaven & Hell,2017,4.3,32,18.5,1753
Cabrida Montsant,2018,4.3,32,36.85,1754
Suane Blanco,2017,4.3,32,23.9,1755
Garnacha,2014,4.3,32,38.0,1756
Cantos del Diablo,2017,4.3,33,101.01,1757
Vendimia Tardia Moscatel,2020,4.3,32,13.75,1758
Pinot Noir,2017,4.3,31,29.38,1759
Cerro La Isa Blanco,2018,4.3,31,44.9,1760
Cuvee Verdejo,2018,4.3,31,12.0,1761
Anadelia,2015,4.3,31,38.5,1762
Salvaxe,2017,4.3,31,28.35,1763
Tabuerniga,2018,4.3,31,65.22,1764
Seleccion Especial Verdejo,2021,4.3,32,6.26,1765
Coster d'en Fornos,2017,4.3,31,40.55,1766
Malvasia Volcanica,2020,4.3,31,31.9,1767
Laderas de Inurrieta,2017,4.3,30,26.1,1768
El Velado Tinto,2017,4.3,30,73.95,1769
Pico de Luyas,2018,4.3,30,48.9,1770
Blanco Afrutado,2020,4.3,30,11.99,1771
A Pita Cega,2015,4.3,30,44.8,1772
Mas Via Gran Reserva Brut,2002,4.3,29,76.17,1773
Prado Enea Gran Reserva,1970,4.3,29,120.0,1774
Finca Cuesta Clara Raro Reserva,2016,4.3,29,39.5,1775
Naiades,2018,4.3,29,19.03,1776
Fuenmayor Gran Reserva,1959,4.3,29,230.0,1777
Dalmau Rioja,1996,4.3,29,110.0,1778
Rioja Reserva,1964,4.3,29,310.0,1779
Mirador de Navajas Reserva Rioja,2011,4.3,29,28.7550102072719,1780
Coleccion Roberto Amillo Amontillado,N.V.,4.3,29,39.9,1781
1730 Amontillado,N.V.,4.3,29,34.65,1782
Aurus,2011,4.3,29,211.92,1783
Cerro La Isa Garnacha,2018,4.3,28,43.9,1784
Nus del Terrer,2016,4.3,28,25.9,1785
Nivel,2018,4.3,28,35.0,1786
I Gran Reserva,1968,4.3,28,160.0,1787
Seleccion Especial,2016,4.3,28,32.0,1788
Galia Clos Santuy,2017,4.3,28,74.9,1789
Seleccion,2016,4.3,28,30.0,1790
Le Rose,2018,4.3,28,49.0,1791
Pago de las Sabinas,2016,4.3,28,39.55,1792
Old & Plus Oloroso,N.V.,4.3,28,45.0,1793
Coleccion Roberto Amillo Palo Cortado,N.V.,4.3,27,47.7,1794
Alicante Bouschet by Tarima,2018,4.3,27,14.9,1795
Rioja Gran Reserva,2016,4.3,27,46.45,1796
Tinto,2017,4.3,27,15.45,1797
Gueta-Lupia,2011,4.3,27,31.75,1798
Amancio,2002,4.3,27,110.0,1799
Marmajuelo,2020,4.3,27,29.75,1800
Cava Reserva Especial Chardonnay Brut Nature,2016,4.3,27,18.5,1801
Ribera del Duero Vendimia Seleccionada,2016,4.3,26,19.8563175,1802
No. 23,2017,4.3,26,23.1,1803
Las Iruelas El Tiemblo,2018,4.3,26,97.07,1804
Tinto,2019,4.3,26,8.57,1805
Cantos del Diablo,2016,4.3,26,67.95,1806
V Dulce de Invierno,2018,4.3,26,17.74,1807
Diego Magana,2020,4.3,26,37.9,1808
Graciano,2012,4.3,26,68.0,1809
Cerro Las Cuevas Seleccion Terroir,2019,4.3,26,39.89,1810
Pena Lobera,2018,4.3,25,68.9,1811
Altos R Pigeage Graciano,2016,4.3,25,35.0,1812
Ronda,2015,4.3,25,32.5,1813
Nisia Las Suertes Verdejo Old Vines,2020,4.3,25,16.9,1814
Territori,2019,4.3,25,23.6,1815
Alomado,2018,4.3,25,46.95,1816
Octogenarius,2015,4.3,25,36.9,1817
Gran Reserva,2000,4.3,25,48.81,1818
Pinot Noir,2020,4.3,25,33.5,1819
Selma de Nin Blanco,2017,4.3,25,56.95,1820
Senda de Los Olivos Roble,2020,4.3,25,8.9,1821
Mucho Mas Tinto,N.V.,4.2,32624,4.99,1822
Rioja Reserva,2016,4.2,16505,15.9,1823
Vina Ardanza Reserva,2007,4.2,9098,23.7,1824
Reserva Rioja (Finca Ygay),2016,4.2,8318,23.0,1825
Ribera del Duero,2018,4.2,7825,19.5,1826
Ribera del Duero,2017,4.2,7294,21.2,1827
Reserva,2012,4.2,6567,27.0,1828
Vina Ardanza Reserva,2008,4.2,6532,33.0,1829
Coto de Imaz Rioja Gran Reserva,2012,4.2,6256,16.14,1830
PSI,2016,4.2,6163,37.95,1831
Vina Alberdi Reserva,2015,4.2,5802,17.02,1832
Seleccion Especial,2014,4.2,5178,49.85,1833
Rias Baixas Albarino Atlantico,2019,4.2,4610,14.95,1834
Crianza,2016,4.2,4127,9.76,1835
Ribera del Duero Crianza,2016,4.2,4091,19.16,1836
Vina Alberdi Reserva,2016,4.2,3825,15.8,1837
Rioja Reserva,2015,4.2,3788,19.8333333333333,1838
27 Ribera del Duero,2016,4.2,3725,21.0,1839
Terras Gauda O Rosal,2020,4.2,3648,12.29,1840
27 Ribera del Duero,2017,4.2,3545,23.75,1841
Rioja Reserva,2012,4.2,3453,15.83,1842
Ribera del Duero Crianza,2017,4.2,3354,15.45,1843
Salmos,2016,4.2,3225,24.85,1844
Crianza Tinto,2017,4.2,3224,20.95,1845
Rioja Gran Reserva,2007,4.2,3101,28.43,1846
Vina Bosconia Reserva,2008,4.2,2901,22.58,1847
Red,2011,4.2,2820,58.26,1848
Vina Bosconia Reserva,2007,4.2,2820,20.95,1849
Mas La Plana Cabernet Sauvignon,2010,4.2,2788,48.4,1850
Louro Godello,2019,4.2,2685,19.7,1851
Rioja Reserva,2016,4.2,2676,24.75,1852
Roda Reserva Rioja,2015,4.2,2478,55.47,1853
Roda Reserva Rioja,2012,4.2,2375,28.4,1854
Rioja Reserva,2014,4.2,2364,27.6,1855
Jumilla Blue Label,2015,4.2,2271,24.76,1856
Jumilla Blue Label,2018,4.2,2234,24.6,1857
Jumilla Blue Label,2017,4.2,2135,22.5,1858
I Gran Reserva,1994,4.2,2074,124.5,1859
Crianza,2017,4.2,2050,19.99,1860
La Atalaya del Camino,2017,4.2,2022,11.8,1861
27 Ribera del Duero,2018,4.2,1981,23.74,1862
Roda Reserva Rioja,2013,4.2,1931,30.35,1863
Gran Reserva,2012,4.2,1921,38.84,1864
Rioja Reserva,2013,4.2,1768,21.5,1865
Reserva,2015,4.2,1688,29.95,1866
Rioja 150 Aniversario,2010,4.2,1686,59.0,1867
Toro,2006,4.2,1665,98.9,1868
Roda Reserva Rioja,2014,4.2,1645,59.9,1869
Veraton Garnacha,2014,4.2,1627,19.94,1870
Vina Bosconia Reserva,2009,4.2,1611,23.52,1871
Alexander vs. The Ham Factory,2016,4.2,1573,33.3733333333333,1872
PSI,2019,4.2,1355,34.5,1873
Veraton Garnacha,2018,4.2,1343,21.6,1874
Vina Alberdi Crianza,2015,4.2,1341,11.2,1875
Taberner Tierra de Cadiz,2014,4.2,1337,32.0010770950795,1876
Rioja Gran Reserva,2011,4.2,1319,39.5,1877
Ribera del Duero,2015,4.2,1308,33.59,1878
Capellania Reserva,2015,4.2,1301,29.15,1879
Finca El Otero,2014,4.2,1267,28.75,1880
Crianza,2017,4.2,1209,16.88,1881
Gessami,2019,4.2,1164,9.95,1882
Dominio de Atauta,2016,4.2,1159,25.71,1883
Finest Old Harvest Medium,N.V.,4.2,1155,18.87,1884
Taberner Tierra de Cadiz,2015,4.2,1125,17.04,1885
Ribera del Duero Red,2015,4.2,1095,18.9,1886
Bosque de Matasnos Etiqueta Blanca,2017,4.2,1093,55.75,1887
Ribera del Duero,2014,4.2,1086,37.9,1888
Corimbo I,2014,4.2,1078,39.0,1889
Crianza,2018,4.2,1070,16.49,1890
Vermut Rojo,N.V.,4.2,1058,11.9,1891
La Atalaya del Camino,2019,4.2,1048,11.66,1892
Vina Tondonia Reserva Blanco,2005,4.2,1043,26.9,1893
Reserva 5 Ano,2015,4.2,1040,22.95,1894
Malleolus,2014,4.2,1030,31.95,1895
Del Duque Amontillado Sherry VORS,N.V.,4.2,1016,77.22,1896
Les Terrasses Velles Vinyes Priorat,2017,4.2,1016,85.9,1897
Salmos,2017,4.2,1008,20.99,1898
Numanthia,2013,4.2,998,51.19,1899
Les Terrasses Laderas de Pizarra,2016,4.2,970,32.25,1900
Inici,2017,4.2,969,39.0,1901
Mas La Plana Cabernet Sauvignon,2016,4.2,964,56.26,1902
Corimbo I,2011,4.2,918,23.4,1903
5 Finques (Fincas) Reserva,2017,4.2,918,11.35,1904
Corimbo I,2013,4.2,915,37.5,1905
QS,2010,4.2,900,40.76,1906
Martinet Bru (Garnatxa - Syrah),2019,4.2,897,21.9,1907
Vina Ardanza Reserva,2000,4.2,883,161.0,1908
El Puntido,2013,4.2,879,34.41,1909
Ribera del Duero,2019,4.2,876,16.95,1910
Finca Dofi,2015,4.2,865,52.5,1911
Reserva 5 Ano,2014,4.2,855,19.53,1912
Ribera Del Duero Reserva,2012,4.2,852,30.0,1913
Muscat,2020,4.2,842,5.5,1914
Rioja Gran Reserva,2014,4.2,840,35.63,1915
Roda Reserva Rioja,2017,4.2,834,25.5,1916
Angeles de Amaren Tempranillo - Graciano,2015,4.2,832,19.38,1917
Reserva Rioja (Finca Ygay),2017,4.2,811,20.9,1918
Ribera del Duero Crianza,2019,4.2,806,18.5,1919
Reserva XR,2015,4.2,778,23.0,1920
Purgatori Costers del Segre,2016,4.2,778,38.37,1921
Purgatori Costers del Segre,2017,4.2,777,25.5,1922
Mirto,2012,4.2,776,35.0,1923
Vinas Viejas Verdejo,2015,4.2,769,30.0,1924
Bassus Pinot Noir,2017,4.2,753,18.95,1925
Sericis Cepas Viejas Monastrell,2017,4.2,745,8.95,1926
Finca Malaveina,2016,4.2,740,25.35,1927
Ribera del Duero Red,2018,4.2,733,18.5,1928
Rioja Gran Reserva,2008,4.2,732,36.0,1929
Rioja Gran Reserva,2009,4.2,731,85.8,1930
Bassus Pinot Noir,2018,4.2,721,19.25,1931
QS,2007,4.2,707,37.5,1932
Rioja Reserva,2014,4.2,696,19.4,1933
Gessami,2020,4.2,692,11.2,1934
Rioja Reserva Fincas de Ganuza,2014,4.2,684,29.5,1935
Summum Monastrell,2017,4.2,682,15.95,1936
Altos de Losada,2017,4.2,676,18.4,1937
Finca Dofi,2014,4.2,671,59.95,1938
Coto de Imaz Rioja Gran Reserva,2015,4.2,668,15.88,1939
El Viejo,2012,4.2,668,26.95,1940
Corpinnat Terrers Brut Nature,2017,4.2,667,25.0,1941
Dos Cortados Palo Cortado Solera Especial Aged 20 Years,N.V.,4.2,666,32.16,1942
Vi de Vila Gratallops,2015,4.2,648,60.0,1943
Vi de Vila Gratallops,2014,4.2,647,55.0,1944
Gran Reserva Rioja (Finca Ygay),2010,4.2,645,86.95,1945
Oscar Tobia Reserva Rioja,2015,4.2,633,20.0,1946
Rioja Satinela Blanco Semidulce,2020,4.2,630,6.99,1947
Reserva,2012,4.2,628,29.93,1948
Finca Malaveina,2012,4.2,627,17.84,1949
Rioja Gran Reserva,2014,4.2,624,34.5,1950
Red,2008,4.2,622,55.0,1951
Clos del Portal Negre de Negres,2017,4.2,612,21.85,1952
Corpinnat Terrers Brut Nature,2016,4.2,611,21.8,1953
Martelo Reserva,2014,4.2,600,20.5,1954
Crianza,2019,4.2,599,17.25,1955
Solideo,2015,4.2,592,35.09,1956
Preludio,2017,4.2,591,24.9,1957
Reserva Tempranillo,2011,4.2,587,20.4532878069468,1958
Coma Vella Priorat,2014,4.2,576,24.8,1959
Las Ocho (8) Tinto,2017,4.2,570,16.767557,1960
Pago de los Balagueses Syrah,2017,4.2,559,17.7,1961
Bagus Ribera del Duero,2012,4.2,559,54.0,1962
Formiga de Vellut,2018,4.2,558,16.2,1963
Tierra Alta En 2 Maderas,2017,4.2,557,19.9,1964
Pago El Espino,2017,4.2,555,25.35,1965
Rioja Blanco,2018,4.2,540,17.75,1966
Crianza,2018,4.2,528,18.9,1967
Propiedad  Rioja,2017,4.2,527,25.9,1968
Crianza,2017,4.2,520,18.25,1969
Reserva Especial Icon Edition,2014,4.2,519,23.89,1970
Antique Palo Cortado,N.V.,4.2,519,36.9,1971
El Viejo,2017,4.2,518,33.9,1972
Vina Lanciano Reserva,2015,4.2,514,14.6,1973
An,2016,4.2,513,139.9,1974
Artigas,2017,4.2,505,20.9,1975
200 Monges Rioja Reserva,2005,4.2,499,48.0,1976
Rioja Gran Reserva,2011,4.2,490,39.5,1977
Preludio,2018,4.2,488,24.5,1978
Jalifa Amontillado Rare Old Dry Solera Especial Aged 30 Years,N.V.,4.2,487,33.5,1979
Rejon Tempranillo,2012,4.2,485,36.97,1980
La Felisa,2018,4.2,483,26.3,1981
La Revelia Godello,2018,4.2,484,21.95,1982
Tinto,2018,4.2,481,21.5,1983
A Mano Rioja,2009,4.2,480,28.95,1984
Milmanda,2015,4.2,473,126.2,1985
Terras Gauda O Rosal,2021,4.2,466,11.9,1986
Seleccion de Anada Albarino Rias Baixas,2008,4.2,459,37.9,1987
Seleccion Especial (Reserva),2004,4.2,447,65.0,1988
Reserva,2009,4.2,442,21.65,1989
3.9,2016,4.2,441,22.95,1990
Rias Baixas Albarino Atlantico,2021,4.2,439,14.8,1991
Envidiacochina (Tete de Cuvee),2019,4.2,438,18.46,1992
Adaro,2017,4.2,436,16.45,1993
Ribera del Duero Red,2017,4.2,433,16.9,1994
Fondillon Gran Reserva,1964,4.2,432,49.95,1995
Clos del Portal Negre de Negres,2018,4.2,429,21.7,1996
Monastrell - Syrah Finca Espolla,2016,4.2,424,13.95,1997
Casa Cisca Monastrell,2011,4.2,423,32.0,1998
Rioja Blanco,2017,4.2,421,29.15,1999
Reserva,2015,4.2,420,17.5,2000
Santa Rosa,2017,4.2,420,18.9,2001
Roc Nu,2011,4.2,420,23.95,2002
Coleccion Privada,2012,4.2,420,28.3,2003
Rioja Reserva,2004,4.2,417,45.0,2004
Altos de Losada,2018,4.2,415,17.9,2005
Rias Baixas Albarino Finca Valinas,2015,4.2,414,16.78,2006
Vina Alberdi Crianza,2018,4.2,410,13.58,2007
Corimbo I,2015,4.2,412,37.9,2008
Gran Reserva,2011,4.2,410,51.35,2009
Gran Reserva Rioja,2012,4.2,410,22.99,2010
Treixadura,2020,4.2,407,11.95,2011
Candela Cream Dulce Sweet,N.V.,4.2,405,7.1,2012
Clos del Portal Somni,2014,4.2,404,77.36,2013
Nounat,2020,4.2,404,19.9,2014
Mirto,2011,4.2,402,28.53,2015
El Viejo,2019,4.2,400,27.89,2016
Valdegines,2016,4.2,398,48.96,2017
Rioja Graciano,2011,4.2,395,61.94,2018
Reserva,2016,4.2,392,19.98,2019
Les Brugueres,2018,4.2,390,16.76,2020
Finca Terrerazo,2017,4.2,390,24.45,2021
Gran Reserva,2011,4.2,389,64.5,2022
Preludio,2016,4.2,388,31.63,2023
El Puntido,2005,4.2,384,73.0,2024
Reserva,2015,4.2,420,17.5,2025
Santa Rosa,2017,4.2,420,18.9,2026
Roc Nu,2011,4.2,420,23.95,2027
Coleccion Privada,2012,4.2,420,28.3,2028
Rioja Reserva,2004,4.2,417,45.0,2029
Altos de Losada,2018,4.2,415,17.9,2030
Rias Baixas Albarino Finca Valinas,2015,4.2,414,16.78,2031
Vina Alberdi Crianza,2018,4.2,410,13.58,2032
Corimbo I,2015,4.2,412,37.9,2033
Gran Reserva,2011,4.2,410,51.35,2034
Gran Reserva Rioja,2012,4.2,410,22.99,2035
Candela Cream Dulce Sweet,N.V.,4.2,405,7.1,2036
Clos del Portal Somni,2014,4.2,404,77.36,2037
Mirto,2011,4.2,402,28.53,2038
El Viejo,2019,4.2,400,27.89,2039
Valdegines,2016,4.2,398,48.96,2040
Rioja Graciano,2011,4.2,395,61.94,2041
Reserva,2016,4.2,392,19.98,2042
Les Brugueres,2018,4.2,390,16.76,2043
Finca Terrerazo,2017,4.2,390,24.45,2044
Gran Reserva,2011,4.2,389,64.5,2045
Preludio,2016,4.2,388,31.63,2046
El Puntido,2005,4.2,384,73.0,2047
Rioja Blanco,2017,4.2,421,29.15,2048
