designation,wine,wine_year,avg_rating
"Toneles Moscatel N.V.",NULL,NULL,NULL
"Reliquia Palo Cortado Sherry N.V.",NULL,NULL,NULL
"Abuelo Diego Palo Cortado N.V.",NULL,NULL,NULL
"La Bota 78 de Oloroso N.V.",NULL,NULL,NULL
"Solera India Oloroso Rare Sherry N.V.",NULL,NULL,NULL
"Conde de Aldama Amontillado N.V.",NULL,NULL,NULL
"Solera BC-200 N.V.",NULL,NULL,NULL
"Pedro Ximenez Tradicion 20 Years Old Vos N.V.",NULL,NULL,NULL
"Cuatro Palmas Amontillado N.V.",NULL,NULL,NULL
"Solera 1830 Pedro Ximenez N.V.",NULL,NULL,NULL
"Fino Imperial Amontillado 30 Anos N.V.",NULL,NULL,NULL
"Coliseo Amontillado VORS N.V.",NULL,NULL,NULL
"Cayetano del Pino Viejisimo Palo Cortado N.V.",NULL,NULL,NULL
"Saca Unica N.V.",NULL,NULL,NULL
"Santa Ana Pedro Ximenez 1861 N.V.",NULL,NULL,NULL
"Palo Cortado Tradicion Vors 30 Years Sherry N.V.",NULL,NULL,NULL
"Amontillado Tradicion Vors 30 Years N.V.",NULL,NULL,NULL
"1730 Pedro Ximenez N.V.",NULL,NULL,NULL
"30 Years VORS Pedro Ximenez Sherry N.V.",NULL,NULL,NULL
"Palo Cortado 1/10 N.V.",NULL,NULL,NULL
"Sibarita Oloroso Jerez-Xeres-Sherry 30 Years V.O.R.S N.V.",NULL,NULL,NULL
"B.Rodriguez La-Cave Quo Vadis? N.V.",NULL,NULL,NULL
"Amontillado Saca N.V.",NULL,NULL,NULL
"Amontillado 30 Years Old V.O.R.S Sherry N.V.",NULL,NULL,NULL
"Old & Plus Pedro Ximenez N.V.",NULL,NULL,NULL
"Oloroso 30 Years Old V.O.R.S N.V.",NULL,NULL,NULL
"Solera PAP Palo Cortado Rare Sherry N.V.",NULL,NULL,NULL
"Oloroso N.V.",NULL,NULL,NULL
"30 Years V.O.R.S Very Old Palo Cortado Blend Medium Sherry N.V.",NULL,NULL,NULL
"La Bota 90 de Manzanilla Pasada N.V.",NULL,NULL,NULL
"Old & Plus Amontillado N.V.",NULL,NULL,NULL
"Matusalem Sherry VORS N.V.",NULL,NULL,NULL
"Apostoles 30 Years Old Sherry N.V.",NULL,NULL,NULL
"Don Guido Pedro Ximenez Solera Especial Aged 20 Years N.V.",NULL,NULL,NULL
"Oloroso Tradicion Vors 30 Years N.V.",NULL,NULL,NULL
"Pedro Ximenez Murillo Seleccion del Centenario N.V.",NULL,NULL,NULL
"Jerez-Xeres-Sherry 30 Year Old Oloroso VORS N.V.",NULL,NULL,NULL
"La Casilla Amontillado N.V.",NULL,NULL,NULL
"Palo Cortado N.V.",NULL,NULL,NULL
"Cardenal Palo Cortado VORS N.V.",NULL,NULL,NULL
"Amontillado V.O.R.S N.V.",NULL,NULL,NULL
"Amontillado 51-1a 30 Years VORS Sherry N.V.",NULL,NULL,NULL
"Oloroso Extra Viejo 1/7 N.V.",NULL,NULL,NULL
"La Bota 69 de Amontillado N.V.",NULL,NULL,NULL
"Las Botas Palo Cortado Horizontal N.V.",NULL,NULL,NULL
"La Riva Fino Balbaina Alta N.V.",NULL,NULL,NULL
"Palo Cortado de la Cruz de 1767 N.V.",NULL,NULL,NULL
"Canasta 20 Anos Cream N.V.",NULL,NULL,NULL
"Oloroso En Rama N.V.",NULL,NULL,NULL
"Amontillado Napoleon Vinos Viejos 30 Year Old Sherry N.V.",NULL,NULL,NULL
"Coleccion Roberto Amillo Amontillado N.V.",NULL,NULL,NULL
"1730 Amontillado N.V.",NULL,NULL,NULL
"Old & Plus Oloroso N.V.",NULL,NULL,NULL
"Coleccion Roberto Amillo Palo Cortado N.V.",NULL,NULL,NULL
"Mucho Mas Tinto N.V.",NULL,NULL,NULL
"Finest Old Harvest Medium N.V.",NULL,NULL,NULL
"Del Duque Amontillado Sherry VORS N.V.",NULL,NULL,NULL
"Dos Cortados Palo Cortado Solera Especial Aged 20 Years N.V.",NULL,NULL,NULL
"Antique Palo Cortado N.V.",NULL,NULL,NULL
"Jalifa Amontillado Rare Old Dry Solera Especial Aged 30 Years N.V.",NULL,NULL,NULL
"Candela Cream Dulce Sweet N.V.",NULL,NULL,NULL
"Gines Liebana Pedro Ximenez 1910","Gines Liebana Pedro Ximenez",1910,4.6
"Rioja Reserva Especial 1922","Rioja Reserva Especial",1922,4.4
"Castillo Ygay Gran Reserva Especial Tinto 1925","Castillo Ygay Gran Reserva Especial Tinto",1925,4.433333333333334
"Gran Reserva 1928","Gran Reserva",1928,4.38421052631579
"Don PX Convento Seleccion 1929","Don PX Convento Seleccion",1929,4.7
"Don PX Convento Seleccion 1931","Don PX Convento Seleccion",1931,4.7
"Castillo Ygay Gran Reserva Especial Tinto 1942","Castillo Ygay Gran Reserva Especial Tinto",1942,4.433333333333334
"Don PX Convento Seleccion 1946","Don PX Convento Seleccion",1946,4.7
"Don PX Pedro Ximenez 1946","Don PX Pedro Ximenez",1946,4.514285714285714
"Don PX Seleccion 1949","Don PX Seleccion",1949,4.525
"Marques de Poley Amontillado Seleccion 1951 1951","Marques de Poley Amontillado Seleccion 1951",1951,4.5
"Unico 1953",Unico,1953,4.704878048780491
"Reserva Rioja (Finca Ygay) 1954","Reserva Rioja (Finca Ygay)",1954,4.333333333333333
"Don PX Convento Seleccion 1955","Don PX Convento Seleccion",1955,4.7
"Don PX Pedro Ximenez 1955","Don PX Pedro Ximenez",1955,4.514285714285714
"Don PX Convento Seleccion 1958","Don PX Convento Seleccion",1958,4.7
"Castillo Ygay Gran Reserva Especial Tinto 1959","Castillo Ygay Gran Reserva Especial Tinto",1959,4.433333333333334
"Fuenmayor Gran Reserva 1959","Fuenmayor Gran Reserva",1959,4.3
"Unico 1961",Unico,1961,4.704878048780491
"Unico 1962",Unico,1962,4.704878048780491
"Don PX Seleccion 1962","Don PX Seleccion",1962,4.525
"Unico 1964",Unico,1964,4.704878048780491
"Gran Reserva 1964","Gran Reserva",1964,4.38421052631579
"I Gran Reserva 1964","I Gran Reserva",1964,4.275
"Vina Tondonia Reserva 1964","Vina Tondonia Reserva",1964,4.3
"Rioja Gran Reserva 904 1964","Rioja Gran Reserva 904",1964,4.3500000000000005
"Rioja Reserva 1964","Rioja Reserva",1964,4.305000000000001
"Unico 1965",Unico,1965,4.704878048780491
"Don PX Seleccion 1965","Don PX Seleccion",1965,4.525
"Unico 1967",Unico,1967,4.704878048780491
"Unico 1968",Unico,1968,4.704878048780491
"Don PX Pedro Ximenez 1968","Don PX Pedro Ximenez",1968,4.514285714285714
"Don PX Seleccion 1968","Don PX Seleccion",1968,4.525
"Don PX Convento Seleccion 1968","Don PX Convento Seleccion",1968,4.7
"I Gran Reserva 1968","I Gran Reserva",1968,4.275
"Unico 1969",Unico,1969,4.704878048780491
"Unico 1970",Unico,1970,4.704878048780491
"Reserva 1970",Reserva,1970,4.353846153846154
"I Gran Reserva 1970","I Gran Reserva",1970,4.275
"Rioja Gran Reserva 904 1970","Rioja Gran Reserva 904",1970,4.3500000000000005
"Prado Enea Gran Reserva 1970","Prado Enea Gran Reserva",1970,4.385714285714286
"Unico 1972",Unico,1972,4.704878048780491
"Unico 1973",Unico,1973,4.704878048780491
"Don PX Vieja Cosecha 1973","Don PX Vieja Cosecha",1973,4.5
"Don PX Pedro Ximenez 1973","Don PX Pedro Ximenez",1973,4.514285714285714
"Unico 1974",Unico,1974,4.704878048780491
"Unico 1975",Unico,1975,4.704878048780491
"Valbuena 5o 1975","Valbuena 5o",1975,4.590322580645159
"Valbuena 5o 1976","Valbuena 5o",1976,4.590322580645159
"Gran Reserva 1978","Gran Reserva",1978,4.38421052631579
"Unico 1979",Unico,1979,4.704878048780491
"Valbuena 5o 1979","Valbuena 5o",1979,4.590322580645159
"Unico 1980",Unico,1980,4.704878048780491
"Valbuena 5o 1980","Valbuena 5o",1980,4.590322580645159
"Unico 1981",Unico,1981,4.704878048780491
"Vina Tondonia Gran Reserva Blanco 1981","Vina Tondonia Gran Reserva Blanco",1981,4.5
"Vina Tondonia Gran Reserva 1981","Vina Tondonia Gran Reserva",1981,4.433333333333334
"Gran Reserva 890 1981","Gran Reserva 890",1981,4.5125
"Unico 1982",Unico,1982,4.704878048780491
"Gran Reserva 890 1982","Gran Reserva 890",1982,4.5125
"Unico Reserva Especial Edicion 1982","Unico Reserva Especial Edicion",1982,4.730434782608696
"Rioja Gran Reserva 904 1982","Rioja Gran Reserva 904",1982,4.3500000000000005
"Valbuena 5o 1982","Valbuena 5o",1982,4.590322580645159
"Rioja Reserva 1982","Rioja Reserva",1982,4.305000000000001
"Prado Enea Gran Reserva 1982","Prado Enea Gran Reserva",1982,4.385714285714286
"Unico 1983",Unico,1983,4.704878048780491
"Valbuena 5o 1983","Valbuena 5o",1983,4.590322580645159
"Unico Reserva Especial Edicion 1985","Unico Reserva Especial Edicion",1985,4.730434782608696
"Gran Reserva 890 1985","Gran Reserva 890",1985,4.5125
"Unico 1985",Unico,1985,4.704878048780491
"Valbuena 5o 1985","Valbuena 5o",1985,4.590322580645159
"Prado Enea Gran Reserva 1985","Prado Enea Gran Reserva",1985,4.385714285714286
"Vina Ardanza Reserva 1985","Vina Ardanza Reserva",1985,4.2749999999999995
"Rioja Reserva 1985","Rioja Reserva",1985,4.305000000000001
"Castillo Ygay Gran Reserva Especial Blanco 1986","Castillo Ygay Gran Reserva Especial Blanco",1986,4.7
"Unico 1986",Unico,1986,4.704878048780491
"Unico Reserva Especial Edicion 1986","Unico Reserva Especial Edicion",1986,4.730434782608696
"Rioja Gran Reserva 1986","Rioja Gran Reserva",1986,4.3
"Reserva 1986",Reserva,1986,4.353846153846154
"Don PX Pedro Ximenez 1986","Don PX Pedro Ximenez",1986,4.514285714285714
"Unico 1987",Unico,1987,4.704878048780491
"Unico Reserva Especial Edicion 1987","Unico Reserva Especial Edicion",1987,4.730434782608696
"Anada Palo Cortado 1987 1987","Anada Palo Cortado 1987",1987,4.6
"Valbuena 5o 1987","Valbuena 5o",1987,4.590322580645159
"Rioja Gran Reserva 904 1987","Rioja Gran Reserva 904",1987,4.3500000000000005
"Valbuena 5o 1988","Valbuena 5o",1988,4.590322580645159
"Don PX Gran Reserva 1988","Don PX Gran Reserva",1988,4.366666666666666
"Unico 1989",Unico,1989,4.704878048780491
"Valbuena 5o 1989","Valbuena 5o",1989,4.590322580645159
"Unico Reserva Especial Edicion 1989","Unico Reserva Especial Edicion",1989,4.730434782608696
"Prado Enea Gran Reserva 1989","Prado Enea Gran Reserva",1989,4.385714285714286
"Castillo Ygay Gran Reserva Especial Tinto 1989","Castillo Ygay Gran Reserva Especial Tinto",1989,4.433333333333334
"Gran Reserva 890 1989","Gran Reserva 890",1989,4.5125
"Unico 1990",Unico,1990,4.704878048780491
"Don PX Gran Reserva 1990","Don PX Gran Reserva",1990,4.366666666666666
"Unico 1991",Unico,1991,4.704878048780491
"Anada Palo Cortado 1987 1991","Anada Palo Cortado 1987",1991,4.6
"Prado Enea Gran Reserva 1991","Prado Enea Gran Reserva",1991,4.385714285714286
"Valbuena 5o 1992","Valbuena 5o",1992,4.590322580645159
"Unico 1994",Unico,1994,4.704878048780491
"Rioja Gran Reserva 1994","Rioja Gran Reserva",1994,4.3
"Don PX Pedro Ximenez 1994","Don PX Pedro Ximenez",1994,4.514285714285714
"Valbuena 5o 1994","Valbuena 5o",1994,4.590322580645159
"Gaudium 1994",Gaudium,1994,4.383333333333334
"Grandes Anadas Rioja 1994","Grandes Anadas Rioja",1994,4.425
"Don PX Gran Reserva 1994","Don PX Gran Reserva",1994,4.366666666666666
"Gran Reserva 1994","Gran Reserva",1994,4.38421052631579
"Castillo Ygay Gran Reserva Especial Tinto 1994","Castillo Ygay Gran Reserva Especial Tinto",1994,4.433333333333334
"Rioja Reserva 1994","Rioja Reserva",1994,4.305000000000001
"I Gran Reserva 1994","I Gran Reserva",1994,4.275
"Faustino de Autor Reserva Especial 1994","Faustino de Autor Reserva Especial",1994,4.3
"Unico 1995",Unico,1995,4.704878048780491
"Unico Reserva Especial Edicion 1995","Unico Reserva Especial Edicion",1995,4.730434782608696
"Vina El Pison 1995","Vina El Pison",1995,4.568750000000001
"L'Ermita Velles Vinyes Priorat 1995","L'Ermita Velles Vinyes Priorat",1995,4.666666666666667
"Gran Reserva 890 1995","Gran Reserva 890",1995,4.5125
"Vina Tondonia Gran Reserva 1995","Vina Tondonia Gran Reserva",1995,4.433333333333334
"Ribera del Duero 1995","Ribera del Duero",1995,4.3826086956521735
"Baron de Ona Rioja Reserva 1995","Baron de Ona Rioja Reserva",1995,4.4
"Castillo Ygay Gran Reserva Especial Tinto 1995","Castillo Ygay Gran Reserva Especial Tinto",1995,4.433333333333334
"Gran Reserva 1995","Gran Reserva",1995,4.38421052631579
"Reserva 1995",Reserva,1995,4.353846153846154
"Unico 1996",Unico,1996,4.704878048780491
"Unico Reserva Especial Edicion 1996","Unico Reserva Especial Edicion",1996,4.730434782608696
"L'Ermita Velles Vinyes Priorat 1996","L'Ermita Velles Vinyes Priorat",1996,4.666666666666667
"Pingus 1996",Pingus,1996,4.652941176470589
"Valbuena 5o 1996","Valbuena 5o",1996,4.590322580645159
"Millenium Reserva 1996","Millenium Reserva",1996,4.45
"Ribera del Duero 1996","Ribera del Duero",1996,4.3826086956521735
"Fondillon 1996",Fondillon,1996,4.4
"Classic 1996",Classic,1996,4.339999999999999
"Rioja Gran Reserva 1996","Rioja Gran Reserva",1996,4.3
"Dalmau Rioja 1996","Dalmau Rioja",1996,4.43
"L'Ermita Velles Vinyes Priorat 1997","L'Ermita Velles Vinyes Priorat",1997,4.666666666666667
"Classic 1997",Classic,1997,4.339999999999999
"Finca Dofi 1997","Finca Dofi",1997,4.319999999999999
"Unico 1998",Unico,1998,4.704878048780491
"L'Ermita Velles Vinyes Priorat 1998","L'Ermita Velles Vinyes Priorat",1998,4.666666666666667
"Regina Vides Ribera del Duero 1998","Regina Vides Ribera del Duero",1998,4.455555555555555
"Pingus 1998",Pingus,1998,4.652941176470589
"Grandes Anadas Rioja 1998","Grandes Anadas Rioja",1998,4.425
"Priorat 1998",Priorat,1998,4.43076923076923
"Aurus 1998",Aurus,1998,4.380000000000001
"Rioja Gran Reserva 904 1998","Rioja Gran Reserva 904",1998,4.3500000000000005
"Gran Reserva 1998","Gran Reserva",1998,4.38421052631579
"Castillo Ygay Gran Reserva Especial Tinto 1998","Castillo Ygay Gran Reserva Especial Tinto",1998,4.433333333333334
"Gaudium 1998",Gaudium,1998,4.383333333333334
"Reserva Real 1998","Reserva Real",1998,4.3
"Unico 1999",Unico,1999,4.704878048780491
"Ribera Del Duero Gran Reserva 12 Anos 1999","Ribera Del Duero Gran Reserva 12 Anos",1999,4.8
"Pingus 1999",Pingus,1999,4.652941176470589
"Valbuena 5o 1999","Valbuena 5o",1999,4.590322580645159
"L'Ermita Velles Vinyes Priorat 1999","L'Ermita Velles Vinyes Priorat",1999,4.666666666666667
"Vina El Pison 1999","Vina El Pison",1999,4.568750000000001
"Priorat 1999",Priorat,1999,4.43076923076923
"Finca Dofi 1999","Finca Dofi",1999,4.319999999999999
"Grandes Anadas Rioja 1999","Grandes Anadas Rioja",1999,4.425
"Don PX Pedro Ximenez 1999","Don PX Pedro Ximenez",1999,4.514285714285714
"Unico 2000",Unico,2000,4.704878048780491
"Unico Reserva Especial Edicion 2000","Unico Reserva Especial Edicion",2000,4.730434782608696
"L'Ermita Velles Vinyes Priorat 2000","L'Ermita Velles Vinyes Priorat",2000,4.666666666666667
"Cirsion Rioja 2000","Cirsion Rioja",2000,4.6
"Valbuena 5o 2000","Valbuena 5o",2000,4.590322580645159
"Pingus 2000",Pingus,2000,4.652941176470589
"Grans Muralles 2000","Grans Muralles",2000,4.42
"Dalmau Rioja 2000","Dalmau Rioja",2000,4.43
"Termanthia 2000",Termanthia,2000,4.575
"Ribera del Duero 2000","Ribera del Duero",2000,4.3826086956521735
"Finca Dofi 2000","Finca Dofi",2000,4.319999999999999
"Roda I Reserva Rioja 2000","Roda I Reserva Rioja",2000,4.372727272727271
"Priorat 2000",Priorat,2000,4.43076923076923
"Tinto 2000",Tinto,2000,4.445283018867927
"Gran Reserva 2000","Gran Reserva",2000,4.38421052631579
"Vina Ardanza Reserva 2000","Vina Ardanza Reserva",2000,4.2749999999999995
"Antigues Reserves 2000","Antigues Reserves",2000,4.3
"Pingus 2001",Pingus,2001,4.652941176470589
"Gran Reserva 2001","Gran Reserva",2001,4.38421052631579
"Ribera del Duero Prestigio Pago de las Solanas 2001","Ribera del Duero Prestigio Pago de las Solanas",2001,4.55
"Frank Gehry Selection 2001","Frank Gehry Selection",2001,4.6
"L'Ermita Velles Vinyes Priorat 2001","L'Ermita Velles Vinyes Priorat",2001,4.666666666666667
"Vina del Olivo 2001","Vina del Olivo",2001,4.416666666666667
"Dalmau Rioja 2001","Dalmau Rioja",2001,4.43
"Cava Enoteca Finca La Plana Brut Nature 2001","Cava Enoteca Finca La Plana Brut Nature",2001,4.6
"Grandes Anadas Rioja 2001","Grandes Anadas Rioja",2001,4.425
"Vina Tondonia Gran Reserva 2001","Vina Tondonia Gran Reserva",2001,4.433333333333334
"Ribera del Duero 2001","Ribera del Duero",2001,4.3826086956521735
"200 Monges Rioja Gran Reserva 2001","200 Monges Rioja Gran Reserva",2001,4.35
"Culmen Reserva Rioja 2001","Culmen Reserva Rioja",2001,4.433333333333334
"Gran Reserva Classica Tinto 2001","Gran Reserva Classica Tinto",2001,4.4
"Vina El Pison 2001","Vina El Pison",2001,4.568750000000001
"Toro 2001",Toro,2001,4.377777777777778
"Roda I Reserva Rioja 2001","Roda I Reserva Rioja",2001,4.372727272727271
"Pagos Viejos 2001","Pagos Viejos",2001,4.333333333333333
"Clos Fonta Priorat 2001","Clos Fonta Priorat",2001,4.3999999999999995
"Aurus 2001",Aurus,2001,4.380000000000001
"Regina Vides Ribera del Duero 2001","Regina Vides Ribera del Duero",2001,4.455555555555555
"Unico 2002",Unico,2002,4.704878048780491
"Valbuena 5o 2002","Valbuena 5o",2002,4.590322580645159
"Finca el Bosque 2002","Finca el Bosque",2002,4.5
"Calvario Rioja 2002","Calvario Rioja",2002,4.45
"Cava Enoteca Finca de L'Origen Brut Nature 2002","Cava Enoteca Finca de L'Origen Brut Nature",2002,4.5
"Reserva 2002",Reserva,2002,4.353846153846154
"Tempranillo Reserva 2002","Tempranillo Reserva",2002,4.333333333333333
"Clos Martinet 2002","Clos Martinet",2002,4.34
"Dalmau Rioja 2002","Dalmau Rioja",2002,4.43
"Doix 2002",Doix,2002,4.385714285714285
"Mas Via Gran Reserva Brut 2002","Mas Via Gran Reserva Brut",2002,4.4
"Amancio 2002",Amancio,2002,4.485714285714286
"Unico 2003",Unico,2003,4.704878048780491
"Pingus 2003",Pingus,2003,4.652941176470589
"Priorat 2003",Priorat,2003,4.430769230769231
"Valbuena 5o 2003","Valbuena 5o",2003,4.590322580645159
"Ribera del Duero 2003","Ribera del Duero",2003,4.3826086956521735
"L'Ermita Velles Vinyes Priorat 2003","L'Ermita Velles Vinyes Priorat",2003,4.666666666666667
"Baron de Chirel Rioja Reserva 2003","Baron de Chirel Rioja Reserva",2003,4.3999999999999995
"Pesus Ribera del Duero 2003","Pesus Ribera del Duero",2003,4.525
"Solanes Priorat 2003","Solanes Priorat",2003,4.4
"Toro 2003",Toro,2003,4.377777777777778
"Clos Martinet 2003","Clos Martinet",2003,4.34
"Finca Dofi 2003","Finca Dofi",2003,4.319999999999999
"Unico Reserva Especial Edicion 2004","Unico Reserva Especial Edicion",2004,4.730434782608696
"L'Ermita Velles Vinyes Priorat 2004","L'Ermita Velles Vinyes Priorat",2004,4.666666666666667
"Unico 2004",Unico,2004,4.704878048780491
"Pingus 2004",Pingus,2004,4.652941176470589
"Termanthia 2004",Termanthia,2004,4.575
"Pesus Ribera del Duero 2004","Pesus Ribera del Duero",2004,4.525
"Valbuena 5o 2004","Valbuena 5o",2004,4.590322580645159
"Clos Fonta Priorat 2004","Clos Fonta Priorat",2004,4.3999999999999995
"Gran Arzuaga Ribera del Duero 2004","Gran Arzuaga Ribera del Duero",2004,4.6
"Gran Buig Priorat 2004","Gran Buig Priorat",2004,4.6
"Son Negre 2004","Son Negre",2004,4.516666666666667
"Corpinnat Enoteca Reserva Particular de Recaredo 2004","Corpinnat Enoteca Reserva Particular de Recaredo",2004,4.6
"Gran Reserva 890 2004","Gran Reserva 890",2004,4.5125
"Aro 2004",Aro,2004,4.5
"Mas Via Gran Reserva Brut 2004","Mas Via Gran Reserva Brut",2004,4.4
"AAA 2004",AAA,2004,4.55
"Confesor Rioja 2004","Confesor Rioja",2004,4.5
"Petit Verdot 2004","Petit Verdot",2004,4.466666666666667
"Castillo Ygay Gran Reserva Especial Tinto 2004","Castillo Ygay Gran Reserva Especial Tinto",2004,4.433333333333334
"Ribera del Duero 2004","Ribera del Duero",2004,4.3826086956521735
"Pagos Viejos 2004","Pagos Viejos",2004,4.333333333333333
"La Cueva del Contador Rioja 2004","La Cueva del Contador Rioja",2004,4.4
"Blecua Somontano 2004","Blecua Somontano",2004,4.425
"Perinet + Plus 2004","Perinet + Plus",2004,4.4
"Rioja Gran Reserva 904 2004","Rioja Gran Reserva 904",2004,4.3500000000000005
"Toro 2004",Toro,2004,4.377777777777778
"Roda Reserva Rioja 2004","Roda Reserva Rioja",2004,4.228571428571429
"Clos Martinet 2004","Clos Martinet",2004,4.34
"Gran Vino Blanco 2004","Gran Vino Blanco",2004,4.3
"Aurus 2004",Aurus,2004,4.380000000000001
"Vina del Olivo 2004","Vina del Olivo",2004,4.416666666666667
"Seleccion Especial (Reserva) 2004","Seleccion Especial (Reserva)",2004,4.25
"Rioja Reserva 2004","Rioja Reserva",2004,4.305000000000001
"Unico Reserva Especial Edicion 2005","Unico Reserva Especial Edicion",2005,4.730434782608696
"Unico 2005",Unico,2005,4.704878048780491
"Valbuena 5o 2005","Valbuena 5o",2005,4.590322580645159
"Termanthia 2005",Termanthia,2005,4.575
"Contador Rioja 2005","Contador Rioja",2005,4.616666666666666
"L'Ermita Velles Vinyes Priorat 2005","L'Ermita Velles Vinyes Priorat",2005,4.666666666666667
"Pingus 2005",Pingus,2005,4.652941176470589
"Vina El Pison 2005","Vina El Pison",2005,4.568750000000001
"Maria Remirez de Ganuza 2005","Maria Remirez de Ganuza",2005,4.65
"Aurus 2005",Aurus,2005,4.380000000000001
"Castillo Ygay Gran Reserva Especial Tinto 2005","Castillo Ygay Gran Reserva Especial Tinto",2005,4.433333333333334
"Gran Reserva 890 2005","Gran Reserva 890",2005,4.5125
"Clos de L'Obac 2005","Clos de L'Obac",2005,4.433333333333334
"Turo d'en Mota 2005","Turo d'en Mota",2005,4.566666666666666
"Gratallops Partida Bellvisos 2005","Gratallops Partida Bellvisos",2005,4.45
"Son Negre 2005","Son Negre",2005,4.516666666666667
"Ribera del Duero 2005","Ribera del Duero",2005,4.3826086956521735
"Roda I Reserva Rioja 2005","Roda I Reserva Rioja",2005,4.372727272727271
"Baron de Chirel Rioja Reserva 2005","Baron de Chirel Rioja Reserva",2005,4.3999999999999995
"Miserere 2005",Miserere,2005,4.45
"Toro 2V Premium 2005","Toro 2V Premium",2005,4.4
"De Garage Rioja 2005","De Garage Rioja",2005,4.35
"Pago de Las Costanas 2005","Pago de Las Costanas",2005,4.4
"Torre Muga 2005","Torre Muga",2005,4.366666666666666
"Clos Martinet 2005","Clos Martinet",2005,4.34
"Priorat 2005",Priorat,2005,4.43076923076923
"Ribera del Duero Tinto 2005","Ribera del Duero Tinto",2005,4.3
"200 Monges Rioja Gran Reserva 2005","200 Monges Rioja Gran Reserva",2005,4.35
"200 Monges Rioja Reserva 2005","200 Monges Rioja Reserva",2005,4.319999999999999
"El Puntido 2005","El Puntido",2005,4.266666666666667
"Vina Tondonia Reserva Blanco 2005","Vina Tondonia Reserva Blanco",2005,4.2
"Montsalvat 2005",Montsalvat,2005,4.3
"Honoris 2005",Honoris,2005,4.3
"Hiru 3 Rioja Racimos 2005","Hiru 3 Rioja Racimos",2005,4.3
"Rioja 2005",Rioja,2005,4.3
"Valbuena 5o 2006","Valbuena 5o",2006,4.590322580645159
"Unico 2006",Unico,2006,4.704878048780491
"Pingus 2006",Pingus,2006,4.652941176470589
"Maria Remirez de Ganuza 2006","Maria Remirez de Ganuza",2006,4.65
"Unico Reserva Especial Edicion 2006","Unico Reserva Especial Edicion",2006,4.730434782608696
"Cami Pesseroles 2006","Cami Pesseroles",2006,4.481818181818182
"Vina El Pison 2006","Vina El Pison",2006,4.568750000000001
"Trasnocho 2006",Trasnocho,2006,4.483333333333333
"Finca Dofi 2006","Finca Dofi",2006,4.319999999999999
"Turo d'en Mota 2006","Turo d'en Mota",2006,4.566666666666666
"Reserva Especial 2006","Reserva Especial",2006,4.5
"Ribera del Duero TSM 2006","Ribera del Duero TSM",2006,4.433333333333334
"200 Monges Rioja Reserva Seleccion Especial 2006","200 Monges Rioja Reserva Seleccion Especial",2006,4.5
"Ribera del Duero 2006","Ribera del Duero",2006,4.3826086956521735
"Torre Muga 2006","Torre Muga",2006,4.366666666666666
"Cava Celler Batlle 2006","Cava Celler Batlle",2006,4.4
"Rioja Reserva 2006","Rioja Reserva",2006,4.305000000000001
"El Puntido Gran Reserva 2006","El Puntido Gran Reserva",2006,4.35
"Alenza Ribera del Duero Gran Reserva 2006","Alenza Ribera del Duero Gran Reserva",2006,4.3
"Priorat 2006",Priorat,2006,4.430769230769231
"Clos Martinet 2006","Clos Martinet",2006,4.34
"Rioja Norte 2006","Rioja Norte",2006,4.3
"Toro 2006",Toro,2006,4.377777777777778
"Pesus Ribera del Duero 2007","Pesus Ribera del Duero",2007,4.525
"Unico 2007",Unico,2007,4.704878048780491
"Unico Reserva Especial Edicion 2007","Unico Reserva Especial Edicion",2007,4.730434782608696
"Turo d'en Mota 2007","Turo d'en Mota",2007,4.566666666666666
"Priorat 2007",Priorat,2007,4.430769230769231
"Daphne Glorian Red 2007","Daphne Glorian Red",2007,4.7
"Valbuena 5o 2007","Valbuena 5o",2007,4.590322580645159
"Cirsion Rioja 2007","Cirsion Rioja",2007,4.6
"Amancio 2007",Amancio,2007,4.485714285714286
"Son Negre 2007","Son Negre",2007,4.516666666666667
"Gran Reserva 2007","Gran Reserva",2007,4.38421052631579
"Mas del Serral 2007","Mas del Serral",2007,4.5
"Tinto 2007",Tinto,2007,4.445283018867926
"Ribera del Duero 2007","Ribera del Duero",2007,4.3826086956521735
"El Puntido Gran Reserva 2007","El Puntido Gran Reserva",2007,4.35
"Doix 2007",Doix,2007,4.385714285714285
"Clos Martinet 2007","Clos Martinet",2007,4.34
"Malleolus de Sanchomartin 2007","Malleolus de Sanchomartin",2007,4.55
"Vina El Pison 2007","Vina El Pison",2007,4.568750000000001
"Cami Pesseroles 2007","Cami Pesseroles",2007,4.481818181818182
"Gratallops Partida Bellvisos 2007","Gratallops Partida Bellvisos",2007,4.45
"San Vicente Rioja 2007","San Vicente Rioja",2007,4.366666666666666
"Finca Dofi 2007","Finca Dofi",2007,4.319999999999999
"V2 Tinto 2007","V2 Tinto",2007,4.3999999999999995
"Clos Monlleo 2007","Clos Monlleo",2007,4.35
"Vina Ardanza Reserva 2007","Vina Ardanza Reserva",2007,4.2749999999999995
"Rioja Gran Reserva 2007","Rioja Gran Reserva",2007,4.3
"QS 2007",QS,2007,4.25
"Musivari Gran Reserva Brut Nature 2007","Musivari Gran Reserva Brut Nature",2007,4.3
"Montsalvat 2007",Montsalvat,2007,4.3
"Vina Bosconia Reserva 2007","Vina Bosconia Reserva",2007,4.2
"L'Ermita Velles Vinyes Priorat 2008","L'Ermita Velles Vinyes Priorat",2008,4.666666666666667
"Unico 2008",Unico,2008,4.704878048780491
"El Nido 2008","El Nido",2008,4.714285714285714
"Valbuena 5o 2008","Valbuena 5o",2008,4.590322580645159
"Tinto 2008",Tinto,2008,4.445283018867927
"Reserva Particular de Recaredo Brut Nature 2008","Reserva Particular de Recaredo Brut Nature",2008,4.65
"Priorat 2008",Priorat,2008,4.430769230769231
"AAA 2008",AAA,2008,4.55
"Cava Kripta Gran Reserva Brut Nature 2008","Cava Kripta Gran Reserva Brut Nature",2008,4.425000000000001
"Flor de Pingus 2008","Flor de Pingus",2008,4.5
"V2 Tinto 2008","V2 Tinto",2008,4.3999999999999995
"Clos Martinet 2008","Clos Martinet",2008,4.34
"Calvario Rioja 2008","Calvario Rioja",2008,4.45
"Cami Pesseroles 2008","Cami Pesseroles",2008,4.481818181818182
"Aponte Winemaker's Private Collection Tempranillo 2008","Aponte Winemaker's Private Collection Tempranillo",2008,4.4
"200 Monges Rioja Seleccion Especial Reserva Blanco 2008","200 Monges Rioja Seleccion Especial Reserva Blanco",2008,4.4
"Vina Tondonia Reserva 2008","Vina Tondonia Reserva",2008,4.3
"Roda I Reserva Rioja 2008","Roda I Reserva Rioja",2008,4.372727272727271
"Rioja Vina Coqueta 2008","Rioja Vina Coqueta",2008,4.3
"Altar 2008",Altar,2008,4.3
"Alto de la Caseta 2008","Alto de la Caseta",2008,4.35
"Clos del Portal Somni 2008","Clos del Portal Somni",2008,4.300000000000001
"Vina Ardanza Reserva 2008","Vina Ardanza Reserva",2008,4.2749999999999995
"Rioja Gran Reserva 2008","Rioja Gran Reserva",2008,4.3
"Red 2008",Red,2008,4.266666666666667
"Seleccion de Anada Albarino Rias Baixas 2008","Seleccion de Anada Albarino Rias Baixas",2008,4.3
"Vina Bosconia Reserva 2008","Vina Bosconia Reserva",2008,4.2
"Unico 2009",Unico,2009,4.704878048780491
"Tinto 2009",Tinto,2009,4.445283018867926
"Parcela El Picon Tinto 2009","Parcela El Picon Tinto",2009,4.616666666666666
"Valbuena 5o 2009","Valbuena 5o",2009,4.590322580645159
"Vina El Pison 2009","Vina El Pison",2009,4.568750000000001
"Unico Reserva Especial Edicion 2009","Unico Reserva Especial Edicion",2009,4.730434782608696
"La Poza de Ballesteros 2009","La Poza de Ballesteros",2009,4.4333333333333345
"Castillo Ygay Gran Reserva Especial Tinto 2009","Castillo Ygay Gran Reserva Especial Tinto",2009,4.433333333333334
"Calvario Rioja 2009","Calvario Rioja",2009,4.45
"Cami Pesseroles 2009","Cami Pesseroles",2009,4.481818181818182
"Pago Garduna 2009","Pago Garduna",2009,4.5
"Estrats 2009",Estrats,2009,4.4
"Pesus Ribera del Duero 2009","Pesus Ribera del Duero",2009,4.525
"V2 Tinto 2009","V2 Tinto",2009,4.3999999999999995
"Roda I Reserva Rioja 2009","Roda I Reserva Rioja",2009,4.372727272727271
"Rioja Reserva 2009","Rioja Reserva",2009,4.305000000000001
"Pago Negralada 2009","Pago Negralada",2009,4.38
"Cava Celler Batlle 2009","Cava Celler Batlle",2009,4.4
"Rioja Cisma 2009","Rioja Cisma",2009,4.4
"Vinyes Altes Porrera 2009","Vinyes Altes Porrera",2009,4.4
"Usted 2009",Usted,2009,4.550000000000001
"Cava El Tros Nou Pinot Noir 2009","Cava El Tros Nou Pinot Noir",2009,4.4
"Vina Ardanza Reserva 2009","Vina Ardanza Reserva",2009,4.2749999999999995
"200 Monges Rioja Reserva 2009","200 Monges Rioja Reserva",2009,4.319999999999999
"Priorat 2009",Priorat,2009,4.43076923076923
"Granja Gran Reserva Rioja 2009","Granja Gran Reserva Rioja",2009,4.375
"Finca Dofi 2009","Finca Dofi",2009,4.319999999999999
"Llanos del Almendro Ribera del Duero 2009","Llanos del Almendro Ribera del Duero",2009,4.333333333333333
"Venus 2009",Venus,2009,4.3
"Campo Eliseo 2009","Campo Eliseo",2009,4.3
"Nebro Ribera del Duero 2009","Nebro Ribera del Duero",2009,4.4
"Gran Calzadilla 2009","Gran Calzadilla",2009,4.35
"Clos de L'Obac 2009","Clos de L'Obac",2009,4.433333333333334
"Rioja Gran Reserva 2009","Rioja Gran Reserva",2009,4.3
"A Mano Rioja 2009","A Mano Rioja",2009,4.319999999999999
"Reserva 2009",Reserva,2009,4.353846153846154
"Vina Bosconia Reserva 2009","Vina Bosconia Reserva",2009,4.2
"Falguera 2009",Falguera,2009,4.3
"Unico 2010",Unico,2010,4.704878048780491
"Unico Reserva Especial Edicion 2010","Unico Reserva Especial Edicion",2010,4.730434782608696
"Valbuena 5o 2010","Valbuena 5o",2010,4.590322580645159
"Clon De La Familia 2010","Clon De La Familia",2010,4.633333333333333
"Tinto 2010",Tinto,2010,4.445283018867926
"Usted 2010",Usted,2010,4.550000000000001
"Castillo Ygay Gran Reserva Especial Tinto 2010","Castillo Ygay Gran Reserva Especial Tinto",2010,4.433333333333334
"Pingus 2010",Pingus,2010,4.652941176470589
"Cuesta de Las Liebres 2010","Cuesta de Las Liebres",2010,4.7
"Vina El Pison 2010","Vina El Pison",2010,4.568750000000001
"Planots Priorat 2010","Planots Priorat",2010,4.55
"L'Ermita Velles Vinyes Priorat 2010","L'Ermita Velles Vinyes Priorat",2010,4.666666666666667
"Uno Tinto 2010","Uno Tinto",2010,4.6
"La Faraona Bierzo (Corullon) 2010","La Faraona Bierzo (Corullon)",2010,4.633333333333333
"Flor de Pingus 2010","Flor de Pingus",2010,4.5
"Termanthia 2010",Termanthia,2010,4.575
"Gran Reserva 890 2010","Gran Reserva 890",2010,4.5125
"Clos de L'Obac 2010","Clos de L'Obac",2010,4.433333333333334
"Cami Pesseroles 2010","Cami Pesseroles",2010,4.481818181818182
"La Poza de Ballesteros 2010","La Poza de Ballesteros",2010,4.4333333333333345
"Miserere 2010",Miserere,2010,4.45
"Pendon De La Aguilera 2010","Pendon De La Aguilera",2010,4.5
"Ribera del Duero Prestigio Pago de las Solanas 2010","Ribera del Duero Prestigio Pago de las Solanas",2010,4.55
"Palomero 2010",Palomero,2010,4.5
"Roda I Reserva Rioja 2010","Roda I Reserva Rioja",2010,4.372727272727271
"Macan 2010",Macan,2010,4.5
"Rioja Reserva 2010","Rioja Reserva",2010,4.305000000000001
"Priorat 2010",Priorat,2010,4.43076923076923
"Tempranillo Reserva 2010","Tempranillo Reserva",2010,4.333333333333333
"Lealtanza Coleccion de Artistas Espanoles Sorolla 2010","Lealtanza Coleccion de Artistas Espanoles Sorolla",2010,4.4
"Perez Pascuas Gran Reserva Seleccion 2010","Perez Pascuas Gran Reserva Seleccion",2010,4.35
"Trasnocho 2010",Trasnocho,2010,4.483333333333333
"Cava Kripta Gran Reserva Brut Nature 2010","Cava Kripta Gran Reserva Brut Nature",2010,4.425000000000001
"Gran Reserva 2010","Gran Reserva",2010,4.38421052631579
"Cava Celler Batlle 2010","Cava Celler Batlle",2010,4.4
"Gran Ribera del Duero 2010","Gran Ribera del Duero",2010,4.4
"El Carretil 2010","El Carretil",2010,4.466666666666668
"Regina Vides Ribera del Duero 2010","Regina Vides Ribera del Duero",2010,4.455555555555555
"Calvario Rioja 2010","Calvario Rioja",2010,4.45
"Son Negre 2010","Son Negre",2010,4.516666666666667
"Cava Ex-Vite Gran Reserva Brut 2010","Cava Ex-Vite Gran Reserva Brut",2010,4.4
"Cava Original Brut (Espumos) 2010","Cava Original Brut (Espumos)",2010,4.4
"Gran Calzadilla 2010","Gran Calzadilla",2010,4.35
"Toro 2010",Toro,2010,4.377777777777778
"200 Monges Rioja Reserva 2010","200 Monges Rioja Reserva",2010,4.319999999999999
"Vina Ardanza Reserva 2010","Vina Ardanza Reserva",2010,4.2749999999999995
"Seleccion Finca el Grajo Viejo 2010","Seleccion Finca el Grajo Viejo",2010,4.35
"Rioja Gran Reserva 2010","Rioja Gran Reserva",2010,4.3
"Finca Iscorta Gran Reserva 2010","Finca Iscorta Gran Reserva",2010,4.3
"Pantocrator 2010",Pantocrator,2010,4.3
"Clos Martinet 2010","Clos Martinet",2010,4.34
"Pago Valdebellon 2010","Pago Valdebellon",2010,4.324999999999999
"Ribera Del Duero Gran Reserva 2010","Ribera Del Duero Gran Reserva",2010,4.3
"Rioja Norte 2010","Rioja Norte",2010,4.3
"Classic 2010",Classic,2010,4.339999999999999
"Gloria Rioja 2010","Gloria Rioja",2010,4.35
"Tomas Esteban 2010","Tomas Esteban",2010,4.4
"Llanos del Almendro Ribera del Duero 2010","Llanos del Almendro Ribera del Duero",2010,4.333333333333333
"Mas La Plana Cabernet Sauvignon 2010","Mas La Plana Cabernet Sauvignon",2010,4.233333333333333
"QS 2010",QS,2010,4.25
"Gran Reserva Rioja (Finca Ygay) 2010","Gran Reserva Rioja (Finca Ygay)",2010,4.279999999999999
"200 Monges Edicion Exclusiva Blanco Reserva 2010","200 Monges Edicion Exclusiva Blanco Reserva",2010,4.3
"Ines 2010",Ines,2010,4.3
"Cava Gran Reserva La Capella Brut 2010","Cava Gran Reserva La Capella Brut",2010,4.3
"Rioja 150 Aniversario 2010","Rioja 150 Aniversario",2010,4.2
"Vinas Viejas Aguilera 2010","Vinas Viejas Aguilera",2010,4.3
"Reserva Especial Rioja 2010","Reserva Especial Rioja",2010,4.3
"Unico 2011",Unico,2011,4.704878048780491
"Tinto 2011",Tinto,2011,4.445283018867926
"Unico Reserva Especial Edicion 2011","Unico Reserva Especial Edicion",2011,4.730434782608696
"Aquilon Garnacha 2011","Aquilon Garnacha",2011,4.575
"Reserva Particular de Recaredo Brut Nature 2011","Reserva Particular de Recaredo Brut Nature",2011,4.65
"Valbuena 5o 2011","Valbuena 5o",2011,4.590322580645159
"Termanthia 2011",Termanthia,2011,4.575
"Malleolus de Sanchomartin 2011","Malleolus de Sanchomartin",2011,4.55
"Contador Rioja 2011","Contador Rioja",2011,4.616666666666666
"Vina El Pison 2011","Vina El Pison",2011,4.568750000000001
"Nit de Nin Mas d'en Cacador 2011","Nit de Nin Mas d'en Cacador",2011,4.5
"Parcela El Picon Tinto 2011","Parcela El Picon Tinto",2011,4.616666666666666
"Tierra Alta de 2 Racimos Gran Reserva 2011","Tierra Alta de 2 Racimos Gran Reserva",2011,4.6
"Castillo Ygay Gran Reserva Especial Tinto 2011","Castillo Ygay Gran Reserva Especial Tinto",2011,4.433333333333334
"Clon De La Familia 2011","Clon De La Familia",2011,4.633333333333333
"Valdafoz Bierzo (Corullon) 2011","Valdafoz Bierzo (Corullon)",2011,4.6
"Vina Motulleri 2011","Vina Motulleri",2011,4.6
"L'Ermita Velles Vinyes Priorat 2011","L'Ermita Velles Vinyes Priorat",2011,4.666666666666667
"PS (Pagos Seleccionados) Ribera del Duero 2011","PS (Pagos Seleccionados) Ribera del Duero",2011,4.550000000000001
"Rioja Reserva 2011","Rioja Reserva",2011,4.305000000000001
"Malleolus de Valderramiro 2011","Malleolus de Valderramiro",2011,4.575
"Ribera Del Duero Reserva Premium 6 Anos 2011","Ribera Del Duero Reserva Premium 6 Anos",2011,4.5
"Trasnocho 2011",Trasnocho,2011,4.483333333333333
"5o Ano Ribera del Duero Tinto 2011","5o Ano Ribera del Duero Tinto",2011,4.55
"Regina Vides Ribera del Duero 2011","Regina Vides Ribera del Duero",2011,4.455555555555555
"Son Negre 2011","Son Negre",2011,4.516666666666667
"Chardonnay Uno 2011","Chardonnay Uno",2011,4.4
"Nebro Ribera del Duero 2011","Nebro Ribera del Duero",2011,4.4
"Gran Reserva 2011","Gran Reserva",2011,4.38421052631579
"Celia 2011",Celia,2011,4.4
"Taberner No. 1 2011","Taberner No. 1",2011,4.55
"Cuvee Julia Ribera del Duero 2011","Cuvee Julia Ribera del Duero",2011,4.5
"Tomas Esteban 2011","Tomas Esteban",2011,4.4
"Roda I Reserva Rioja 2011","Roda I Reserva Rioja",2011,4.372727272727271
"200 Monges Rioja Reserva 2011","200 Monges Rioja Reserva",2011,4.319999999999999
"Reserva 2011",Reserva,2011,4.353846153846154
"San Vicente Rioja 2011","San Vicente Rioja",2011,4.366666666666666
"Priorat 2011",Priorat,2011,4.43076923076923
"Culmen Reserva Rioja 2011","Culmen Reserva Rioja",2011,4.433333333333334
"La Cueva del Contador Rioja 2011","La Cueva del Contador Rioja",2011,4.4
"Granja Gran Reserva Rioja 2011","Granja Gran Reserva Rioja",2011,4.375
"Cava Kripta Gran Reserva Brut Nature 2011","Cava Kripta Gran Reserva Brut Nature",2011,4.425000000000001
"Clos Martinet 2011","Clos Martinet",2011,4.34
"Pesus Ribera del Duero 2011","Pesus Ribera del Duero",2011,4.525
"Clos Monlleo 2011","Clos Monlleo",2011,4.35
"Rioja Reserva 10 Anos Despues Edicion Limitada 2011","Rioja Reserva 10 Anos Despues Edicion Limitada",2011,4.4
"Queiron Reserva Vinedos Familiares 2011","Queiron Reserva Vinedos Familiares",2011,4.4
"Cami Pesseroles 2011","Cami Pesseroles",2011,4.481818181818182
"Llanos del Almendro Ribera del Duero 2011","Llanos del Almendro Ribera del Duero",2011,4.333333333333333
"Seleccion Privada 2011","Seleccion Privada",2011,4.35
"Cava Celler Batlle 2011","Cava Celler Batlle",2011,4.4
"Gloria Rioja 2011","Gloria Rioja",2011,4.35
"Cava Gran Reserva Familiar Millenium Brut 2011","Cava Gran Reserva Familiar Millenium Brut",2011,4.4
"Gran Reserva Rioja (Finca Ygay) 2011","Gran Reserva Rioja (Finca Ygay)",2011,4.279999999999999
"Gran Reserva Rioja 2011","Gran Reserva Rioja",2011,4.25
"Torre Muga 2011","Torre Muga",2011,4.366666666666666
"Finca Dofi 2011","Finca Dofi",2011,4.319999999999999
"Seleccion de Anada Albarino Rias Baixas 2011","Seleccion de Anada Albarino Rias Baixas",2011,4.3
"Victorino 2011",Victorino,2011,4.339999999999999
"Priorat Vinyes Velles 2011","Priorat Vinyes Velles",2011,4.325
"Perez Pascuas Gran Reserva Seleccion 2011","Perez Pascuas Gran Reserva Seleccion",2011,4.35
"Don Miguel Comenge Reserva 2011","Don Miguel Comenge Reserva",2011,4.3
"Vina del Olivo 2011","Vina del Olivo",2011,4.416666666666667
"Chafandin 2011",Chafandin,2011,4.333333333333333
"Emeritvs (Emeritus) 2011","Emeritvs (Emeritus)",2011,4.4
"Finca Cuesta Clara Raro Reserva 2011","Finca Cuesta Clara Raro Reserva",2011,4.3
"III a.C 2011","III a.C",2011,4.3
"La Vina de Andres Romeo Rioja 2011","La Vina de Andres Romeo Rioja",2011,4.35
"Rioja Blanco 2011","Rioja Blanco",2011,4.3090909090909095
"Blecua Somontano 2011","Blecua Somontano",2011,4.425
"Rioja Norte 2011","Rioja Norte",2011,4.3
"Classic 2011",Classic,2011,4.339999999999999
"Les Manyes 2011","Les Manyes",2011,4.316666666666667
"Aurus 2011",Aurus,2011,4.380000000000001
"Red 2011",Red,2011,4.266666666666667
"Rioja Gran Reserva 2011","Rioja Gran Reserva",2011,4.3
"Casa Cisca Monastrell 2011","Casa Cisca Monastrell",2011,4.3999999999999995
"Mirto 2011",Mirto,2011,4.233333333333333
"Rioja Graciano 2011","Rioja Graciano",2011,4.2749999999999995
"Reserva Tempranillo 2011","Reserva Tempranillo",2011,4.2
"Corimbo I 2011","Corimbo I",2011,4.2
"Mirador de Navajas Reserva Rioja 2011","Mirador de Navajas Reserva Rioja",2011,4.3
"Roc Nu 2011","Roc Nu",2011,4.2
"Gueta-Lupia 2011",Gueta-Lupia,2011,4.3
"Tinto 2012",Tinto,2012,4.4452830188679195
"Contador Rioja 2012","Contador Rioja",2012,4.616666666666666
"Unico Reserva Especial Edicion 2012","Unico Reserva Especial Edicion",2012,4.730434782608696
"Luthier Gran Reserva 2012","Luthier Gran Reserva",2012,4.7
"Valbuena 5o 2012","Valbuena 5o",2012,4.590322580645159
"Termanthia 2012",Termanthia,2012,4.575
"Pingus 2012",Pingus,2012,4.652941176470589
"Cirsion Rioja 2012","Cirsion Rioja",2012,4.6
"Parcela El Picon Tinto 2012","Parcela El Picon Tinto",2012,4.616666666666666
"Vina El Pison 2012","Vina El Pison",2012,4.568750000000001
"Unico 2012",Unico,2012,4.704878048780491
"Valdegatiles Ribera del Duero 2012","Valdegatiles Ribera del Duero",2012,4.6
"40 Aniversario Gran Reserva 2012","40 Aniversario Gran Reserva",2012,4.6
"Rioja Reserva 2012","Rioja Reserva",2012,4.304999999999999
"Trasnocho 2012",Trasnocho,2012,4.483333333333333
"Ribera Del Duero Reserva Premium 6 Anos 2012","Ribera Del Duero Reserva Premium 6 Anos",2012,4.5
"Amancio 2012",Amancio,2012,4.485714285714286
"Cenit 2012",Cenit,2012,4.5
"El Carretil 2012","El Carretil",2012,4.466666666666668
"Priorat 2012",Priorat,2012,4.430769230769231
"Rioja Blanco Reserva 2012","Rioja Blanco Reserva",2012,4.5
"Gran Reserva Penas Aladas 2012","Gran Reserva Penas Aladas",2012,4.566666666666666
"Cami Pesseroles 2012","Cami Pesseroles",2012,4.481818181818182
"Roda I Reserva Rioja 2012","Roda I Reserva Rioja",2012,4.372727272727271
"La Cueva del Contador Rioja 2012","La Cueva del Contador Rioja",2012,4.4
"Granja Gran Reserva Rioja 2012","Granja Gran Reserva Rioja",2012,4.375
"Finca el Bosque 2012","Finca el Bosque",2012,4.5
"La Vina de Andres Romeo Rioja 2012","La Vina de Andres Romeo Rioja",2012,4.35
"Pesus Ribera del Duero 2012","Pesus Ribera del Duero",2012,4.525
"Regina Vides Ribera del Duero 2012","Regina Vides Ribera del Duero",2012,4.455555555555555
"Seleccion de Anada Albarino Rias Baixas 2012","Seleccion de Anada Albarino Rias Baixas",2012,4.3
"Classic 2012",Classic,2012,4.339999999999999
"Veguin de Murua Gran Reserva 2012","Veguin de Murua Gran Reserva",2012,4.4
"Gran Reserva Classica Blanco 2012","Gran Reserva Classica Blanco",2012,4.4
"200 Monges Rioja Reserva 2012","200 Monges Rioja Reserva",2012,4.319999999999999
"Primordium 2012",Primordium,2012,4.4
"Numerus Clausus 2012","Numerus Clausus",2012,4.4
"Rioja Cisma 2012","Rioja Cisma",2012,4.4
"Seleccion 2012",Seleccion,2012,4.35
"Sao Expressiu 2012","Sao Expressiu",2012,4.4
"Vina Ardanza Reserva 2012","Vina Ardanza Reserva",2012,4.2749999999999995
"Rioja Gran Reserva 2012","Rioja Gran Reserva",2012,4.3
"Vina Arana Gran Reserva 2012","Vina Arana Gran Reserva",2012,4.333333333333333
"Gaudium 2012",Gaudium,2012,4.383333333333334
"Dalmau Rioja 2012","Dalmau Rioja",2012,4.43
"Finca Dofi 2012","Finca Dofi",2012,4.319999999999999
"Gran Reserva Rioja (Finca Ygay) 2012","Gran Reserva Rioja (Finca Ygay)",2012,4.279999999999999
"A Mano Rioja 2012","A Mano Rioja",2012,4.319999999999999
"Tierras de Cair Reserva 2012","Tierras de Cair Reserva",2012,4.35
"Porrera Vi de Vila 2012","Porrera Vi de Vila",2012,4.325
"Clos Figueres 2012","Clos Figueres",2012,4.324999999999999
"Perez Pascuas Gran Reserva Seleccion 2012","Perez Pascuas Gran Reserva Seleccion",2012,4.35
"Suprema 30 Meses 2012","Suprema 30 Meses",2012,4.3
"Grillo 2012",Grillo,2012,4.3
"Doix 2012",Doix,2012,4.385714285714285
"Clos Martinet 2012","Clos Martinet",2012,4.34
"Aurea 2012",Aurea,2012,4.3
"Chardonnay Uno 2012","Chardonnay Uno",2012,4.4
"Estrats 2012",Estrats,2012,4.4
"Les Manyes 2012","Les Manyes",2012,4.316666666666667
"Tempranillo Reserva 2012","Tempranillo Reserva",2012,4.333333333333333
"Reserva 2012",Reserva,2012,4.353846153846153
"Roda Reserva Rioja 2012","Roda Reserva Rioja",2012,4.228571428571429
"Gran Reserva 2012","Gran Reserva",2012,4.38421052631579
"Mirto 2012",Mirto,2012,4.233333333333333
"El Viejo 2012","El Viejo",2012,4.25
"Finca Malaveina 2012","Finca Malaveina",2012,4.25
"Rejon Tempranillo 2012","Rejon Tempranillo",2012,4.3500000000000005
"Coleccion Privada 2012","Coleccion Privada",2012,4.333333333333333
"Gran Reserva Rioja 2012","Gran Reserva Rioja",2012,4.25
"Finca Valmediano Tinta de Toro 16 Meses Barrica 2012","Finca Valmediano Tinta de Toro 16 Meses Barrica",2012,4.3
"Cabernet 2012",Cabernet,2012,4.3
"Club Rioja Reserva 2012","Club Rioja Reserva",2012,4.3
"Bagus Ribera del Duero 2012","Bagus Ribera del Duero",2012,4.2
"Pleret 2012",Pleret,2012,4.3
"Vd'O 1 Samso - Pissarra 2012","Vd'O 1 Samso - Pissarra",2012,4.3
"Ribera Del Duero Reserva 2012","Ribera Del Duero Reserva",2012,4.2
"Graciano 2012",Graciano,2012,4.3
"Coto de Imaz Rioja Gran Reserva 2012","Coto de Imaz Rioja Gran Reserva",2012,4.2
"Tinto 2013",Tinto,2013,4.445283018867926
"Unico Reserva Especial Edicion 2013","Unico Reserva Especial Edicion",2013,4.730434782608696
"El Nido 2013","El Nido",2013,4.714285714285714
"1902 Centenary Carignan Priorat 2013","1902 Centenary Carignan Priorat",2013,4.6499999999999995
"Valbuena 5o 2013","Valbuena 5o",2013,4.590322580645159
"Pingus 2013",Pingus,2013,4.652941176470589
"Blecua Somontano 2013","Blecua Somontano",2013,4.425
"La Creu Alta 2013","La Creu Alta",2013,4.574999999999999
"Trasnocho 2013",Trasnocho,2013,4.483333333333333
"Taberner No. 1 2013","Taberner No. 1",2013,4.55
"Saktih 2013",Saktih,2013,4.55
"Valdegatiles Ribera del Duero 2013","Valdegatiles Ribera del Duero",2013,4.6
"Galiano Seleccion Especial 2013","Galiano Seleccion Especial",2013,4.6
"Ribera del Duero 2013","Ribera del Duero",2013,4.3826086956521735
"Termanthia 2013",Termanthia,2013,4.575
"Emeritvs (Emeritus) 2013","Emeritvs (Emeritus)",2013,4.4
"Vina El Pison 2013","Vina El Pison",2013,4.568750000000001
"La Basseta 2013","La Basseta",2013,4.466666666666667
"Altos de Las Gateras Monastrell 2013","Altos de Las Gateras Monastrell",2013,4.5
"Canta la Perdiz 2013","Canta la Perdiz",2013,4.5
"Cava Kripta Gran Reserva Brut Nature 2013","Cava Kripta Gran Reserva Brut Nature",2013,4.425000000000001
"Planots Priorat 2013","Planots Priorat",2013,4.55
"Cami Pesseroles 2013","Cami Pesseroles",2013,4.481818181818182
"Rioja Reserva 2013","Rioja Reserva",2013,4.304999999999999
"Pago Negralada 2013","Pago Negralada",2013,4.38
"Seleccio Especial Vinyes Velles 2013","Seleccio Especial Vinyes Velles",2013,4.4
"Amancio 2013",Amancio,2013,4.485714285714286
"Doix 2013",Doix,2013,4.385714285714285
"La Poza de Ballesteros 2013","La Poza de Ballesteros",2013,4.4333333333333345
"Granja Gran Reserva Rioja 2013","Granja Gran Reserva Rioja",2013,4.375
"Les Tosses 2013","Les Tosses",2013,4.466666666666667
"Monada 2013",Monada,2013,4.4
"Petit Verdot 2013","Petit Verdot",2013,4.466666666666667
"Rioja Gran Reserva 2013","Rioja Gran Reserva",2013,4.3
"Dalmau Rioja 2013","Dalmau Rioja",2013,4.43
"Victorino 2013",Victorino,2013,4.339999999999999
"Finca Dofi 2013","Finca Dofi",2013,4.319999999999999
"Reserva 2013",Reserva,2013,4.353846153846154
"Gran Reserva Rioja (Finca Ygay) 2013","Gran Reserva Rioja (Finca Ygay)",2013,4.279999999999999
"Masdeu 2013",Masdeu,2013,4.3
"Pagos Viejos 2013","Pagos Viejos",2013,4.333333333333333
"Clos Martinet 2013","Clos Martinet",2013,4.34
"Vinya La Scala Gran Reserva Cabernet Sauvignon 2013","Vinya La Scala Gran Reserva Cabernet Sauvignon",2013,4.3
"Rioja Blanco 2013","Rioja Blanco",2013,4.3090909090909095
"Vintage Albarino 2013","Vintage Albarino",2013,4.3
"Les Manyes 2013","Les Manyes",2013,4.316666666666667
"Nebro Ribera del Duero 2013","Nebro Ribera del Duero",2013,4.4
"Roda Reserva Rioja 2013","Roda Reserva Rioja",2013,4.228571428571429
"Numanthia 2013",Numanthia,2013,4.266666666666667
"El Puntido 2013","El Puntido",2013,4.266666666666667
"Camino del Abuelo Vinas Viejas 2013","Camino del Abuelo Vinas Viejas",2013,4.3
"Triaca 2013",Triaca,2013,4.3
"Nunci Negre 2013","Nunci Negre",2013,4.3
"Rara Avis Prieto Picudo 2013","Rara Avis Prieto Picudo",2013,4.3
"Corimbo I 2013","Corimbo I",2013,4.2
"Argila Reserva 3 Anys Brut Nature 2013","Argila Reserva 3 Anys Brut Nature",2013,4.3
"Vatan Arena Tinta de Toro 2014","Vatan Arena Tinta de Toro",2014,4.8
"Valbuena 5o 2014","Valbuena 5o",2014,4.590322580645159
"Cuesta de Las Liebres 2014","Cuesta de Las Liebres",2014,4.7
"El Nido 2014","El Nido",2014,4.714285714285714
"Parcela El Picon Tinto 2014","Parcela El Picon Tinto",2014,4.616666666666666
"Malleolus de Sanchomartin 2014","Malleolus de Sanchomartin",2014,4.55
"Pingus 2014",Pingus,2014,4.652941176470589
"Contador Rioja 2014","Contador Rioja",2014,4.616666666666666
"Cartago Paraje de Pozo 2014","Cartago Paraje de Pozo",2014,4.6000000000000005
"Termanthia 2014",Termanthia,2014,4.575
"Vina El Pison 2014","Vina El Pison",2014,4.568750000000001
"Finca Garbet 2014","Finca Garbet",2014,4.55
"Gran Reserva Penas Aladas 2014","Gran Reserva Penas Aladas",2014,4.566666666666666
"La Creu Alta 2014","La Creu Alta",2014,4.574999999999999
"Capricho 2014",Capricho,2014,4.6
"El Garnacho Viejo de la Familia Acha 2014","El Garnacho Viejo de la Familia Acha",2014,4.6
"L'Ermita Velles Vinyes Priorat 2014","L'Ermita Velles Vinyes Priorat",2014,4.666666666666667
"Ribera del Duero 2014","Ribera del Duero",2014,4.382608695652172
"Toro 2014",Toro,2014,4.377777777777778
"Flor de Pingus 2014","Flor de Pingus",2014,4.5
"Macan 2014",Macan,2014,4.5
"Parcela El Nogal Tinto 2014","Parcela El Nogal Tinto",2014,4.5
"Reserva 2014",Reserva,2014,4.353846153846153
"Prado Enea Gran Reserva 2014","Prado Enea Gran Reserva",2014,4.385714285714286
"Dalmau Rioja 2014","Dalmau Rioja",2014,4.43
"Petit Verdot 2014","Petit Verdot",2014,4.466666666666667
"Clos Martinet 2014","Clos Martinet",2014,4.34
"Regina Vides Ribera del Duero 2014","Regina Vides Ribera del Duero",2014,4.455555555555555
"Pesus Ribera del Duero 2014","Pesus Ribera del Duero",2014,4.525
"5o Ano Ribera del Duero Tinto 2014","5o Ano Ribera del Duero Tinto",2014,4.55
"Amancio 2014",Amancio,2014,4.485714285714286
"Pago de Santa Cruz Gran Reserva Ribera del Duero 2014","Pago de Santa Cruz Gran Reserva Ribera del Duero",2014,4.45
"Acediano 2014",Acediano,2014,4.425
"Cami Pesseroles 2014","Cami Pesseroles",2014,4.481818181818182
"El Canto del Angel 2014","El Canto del Angel",2014,4.5
"Ribera Del Duero Reserva Premium 6 Anos 2014","Ribera Del Duero Reserva Premium 6 Anos",2014,4.5
"Calmo 2014",Calmo,2014,4.5
"Salinas 1237 2014","Salinas 1237",2014,4.5
"Priorat 2014",Priorat,2014,4.43076923076923
"VS 2014",VS,2014,4.475
"Gaudium 2014",Gaudium,2014,4.383333333333334
"Pago Negralada 2014","Pago Negralada",2014,4.38
"Finca Los Hoyales Ribera del Duero 2014","Finca Los Hoyales Ribera del Duero",2014,4.45
"Grans Muralles 2014","Grans Muralles",2014,4.42
"Tadeo Tinto 2014","Tadeo Tinto",2014,4.4
"Tierras de Cair Reserva 2014","Tierras de Cair Reserva",2014,4.35
"Tinto 2014",Tinto,2014,4.4452830188679195
"Clos Abella Seleccion Especial 2014","Clos Abella Seleccion Especial",2014,4.35
"Serral del Vell Brut Nature 2014","Serral del Vell Brut Nature",2014,4.4
"Trasnocho 2014",Trasnocho,2014,4.483333333333333
"Finca el Bosque 2014","Finca el Bosque",2014,4.5
"Els Escurcons 2014","Els Escurcons",2014,4.333333333333333
"Rioja Reserva 2014","Rioja Reserva",2014,4.304999999999997
"Vinos Singulares Tempranillo Blanco Reserva 2014","Vinos Singulares Tempranillo Blanco Reserva",2014,4.4
"Aquilon Garnacha 2014","Aquilon Garnacha",2014,4.575
"La Poza de Ballesteros 2014","La Poza de Ballesteros",2014,4.4333333333333345
"Doix 2014",Doix,2014,4.385714285714285
"Les Tosses 2014","Les Tosses",2014,4.466666666666667
"Torremilanos Coleccion Ribera del Duero 2014","Torremilanos Coleccion Ribera del Duero",2014,4.5
"El Carretil 2014","El Carretil",2014,4.466666666666668
"Gran Reserva 2014","Gran Reserva",2014,4.38421052631579
"5 Partides Gratallops Vi de La Vila 2014","5 Partides Gratallops Vi de La Vila",2014,4.4
"Rioja B70 2014","Rioja B70",2014,4.4
"Rioja Cisma 2014","Rioja Cisma",2014,4.4
"Pirata 2014",Pirata,2014,4.4
"Blecua Somontano 2014","Blecua Somontano",2014,4.425
"Cofradia 2014",Cofradia,2014,4.4
"Valcavado de Traslascuestas 2014","Valcavado de Traslascuestas",2014,4.4
"Oscar Tobia Gran Reserva Rioja 2014","Oscar Tobia Gran Reserva Rioja",2014,4.4
"Onomastica Rioja Reserva 2014","Onomastica Rioja Reserva",2014,4.4
"Garnacha 2014",Garnacha,2014,4.3999999999999995
"Vina Arana Gran Reserva 2014","Vina Arana Gran Reserva",2014,4.333333333333333
"Reserva Privada Rioja 2014","Reserva Privada Rioja",2014,4.35
"Ribera del Duero Una Cepa I 2014","Ribera del Duero Una Cepa I",2014,4.375
"Victorino 2014",Victorino,2014,4.339999999999999
"Triga 2014",Triga,2014,4.366666666666666
"El Puntido 2014","El Puntido",2014,4.266666666666667
"Reserva Seleccion de la Familia 2014","Reserva Seleccion de la Familia",2014,4.3
"Rioja Gran Reserva 2014","Rioja Gran Reserva",2014,4.299999999999998
"San Vicente Rioja 2014","San Vicente Rioja",2014,4.366666666666666
"Torre Muga 2014","Torre Muga",2014,4.366666666666666
"Gran Reserva Rioja (Finca Ygay) 2014","Gran Reserva Rioja (Finca Ygay)",2014,4.279999999999999
"Baron de Chirel Rioja Reserva 2014","Baron de Chirel Rioja Reserva",2014,4.3999999999999995
"Reserva Ribera del Duero 2014","Reserva Ribera del Duero",2014,4.4
"Seleccion Finca el Grajo Viejo 2014","Seleccion Finca el Grajo Viejo",2014,4.35
"Mirto 2014",Mirto,2014,4.233333333333333
"Tierra Alta de 2 Cotas Reserva 2014","Tierra Alta de 2 Cotas Reserva",2014,4.3
"QS 2014",QS,2014,4.25
"Pago Valdebellon 2014","Pago Valdebellon",2014,4.324999999999999
"Perfume de Sonsierra 2014","Perfume de Sonsierra",2014,4.3
"Seleccio Especial Vinyes Velles 2014","Seleccio Especial Vinyes Velles",2014,4.4
"Rioja Blanco 2014","Rioja Blanco",2014,4.3090909090909095
"Vinas Viejas de Soria Ribera Del Duero 2014","Vinas Viejas de Soria Ribera Del Duero",2014,4.380000000000001
"Gran Reserva Ribera del Duero 2014","Gran Reserva Ribera del Duero",2014,4.4
"Solar de Estraunza Reserva 2014","Solar de Estraunza Reserva",2014,4.3
"Matallana 2014",Matallana,2014,4.3
"Gran Vino Blanco 2014","Gran Vino Blanco",2014,4.3
"Toro Gran Elias Mora 2014","Toro Gran Elias Mora",2014,4.3
"Les Manyes 2014","Les Manyes",2014,4.316666666666667
"Masdeu 2014",Masdeu,2014,4.3
"Celia 2014",Celia,2014,4.4
"Reserva Especial 2014","Reserva Especial",2014,4.5
"Vinas Viejas 2014","Vinas Viejas",2014,4.333333333333333
"Vina Tondonia Reserva 2014","Vina Tondonia Reserva",2014,4.3
"Seleccion Especial 2014","Seleccion Especial",2014,4.333333333333333
"Roda Reserva Rioja 2014","Roda Reserva Rioja",2014,4.228571428571429
"Finca El Otero 2014","Finca El Otero",2014,4.25
"Malleolus 2014",Malleolus,2014,4.300000000000001
"Finca Dofi 2014","Finca Dofi",2014,4.319999999999999
"Vi de Vila Gratallops 2014","Vi de Vila Gratallops",2014,4.283333333333332
"Martelo Reserva 2014","Martelo Reserva",2014,4.25
"Clos del Portal Somni 2014","Clos del Portal Somni",2014,4.300000000000001
"Reserva 5 Ano 2014","Reserva 5 Ano",2014,4.2
"Reserva Especial Icon Edition 2014","Reserva Especial Icon Edition",2014,4.2
"5o Ano 2014","5o Ano",2014,4.3
"Ines 2014",Ines,2014,4.3
"Finca La Herradura 2014","Finca La Herradura",2014,4.3
"Rioja Reserva Fincas de Ganuza 2014","Rioja Reserva Fincas de Ganuza",2014,4.2
"Veraton Garnacha 2014","Veraton Garnacha",2014,4.2
"Octogenarius 2014",Octogenarius,2014,4.3
"Coma Vella Priorat 2014","Coma Vella Priorat",2014,4.2
"Vina Centenaria Mencia 2014","Vina Centenaria Mencia",2014,4.3
"Coleccion No. 3 Cosecha 2014","Coleccion No. 3 Cosecha",2014,4.3
"Corimbo I 2014","Corimbo I",2014,4.2
"Taberner Tierra de Cadiz 2014","Taberner Tierra de Cadiz",2014,4.2
"Unico Reserva Especial Edicion 2015","Unico Reserva Especial Edicion",2015,4.730434782608696
"Cuesta de Las Liebres 2015","Cuesta de Las Liebres",2015,4.7
"Tinto 2015",Tinto,2015,4.445283018867913
"Valbuena 5o 2015","Valbuena 5o",2015,4.590322580645159
"El Anejon 2015","El Anejon",2015,4.75
"La Nieta 2015","La Nieta",2015,4.675
"La Mula de la Quietud 2015","La Mula de la Quietud",2015,4.6
"Pingus 2015",Pingus,2015,4.652941176470589
"Cartago Paraje de Pozo 2015","Cartago Paraje de Pozo",2015,4.6000000000000005
"Quinon de Valmira 2015","Quinon de Valmira",2015,4.6
"1902 Centenary Carignan Priorat 2015","1902 Centenary Carignan Priorat",2015,4.6499999999999995
"L'Ermita Velles Vinyes Priorat 2015","L'Ermita Velles Vinyes Priorat",2015,4.666666666666667
"Pago De Valtarrena 2015","Pago De Valtarrena",2015,4.6
"Malleolus de Valderramiro 2015","Malleolus de Valderramiro",2015,4.575
"El Titan del Bendito 2015","El Titan del Bendito",2015,4.566666666666666
"Malleolus de Sanchomartin 2015","Malleolus de Sanchomartin",2015,4.55
"Terreus Paraje de Cueva Baja 2015","Terreus Paraje de Cueva Baja",2015,4.64
"Finca el Bosque 2015","Finca el Bosque",2015,4.5
"Cuvee N Vinas Viejas 2015","Cuvee N Vinas Viejas",2015,4.6
"Contador Rioja 2015","Contador Rioja",2015,4.616666666666666
"Vina El Pison 2015","Vina El Pison",2015,4.568750000000001
"Aquilon Garnacha 2015","Aquilon Garnacha",2015,4.575
"Horcajo 2015",Horcajo,2015,4.6
"Doroteo Edicion Especial 25 Aniversario 2015","Doroteo Edicion Especial 25 Aniversario",2015,4.6
"Reserva Especial 2015","Reserva Especial",2015,4.5
"Respeto 2015",Respeto,2015,4.6
"Clon De La Familia 2015","Clon De La Familia",2015,4.633333333333333
"Gran Reserva Penas Aladas 2015","Gran Reserva Penas Aladas",2015,4.566666666666666
"Ribera del Duero 2015","Ribera del Duero",2015,4.382608695652172
"Toro 2015",Toro,2015,4.377777777777778
"PS (Pagos Seleccionados) Ribera del Duero 2015","PS (Pagos Seleccionados) Ribera del Duero",2015,4.550000000000001
"Clio 2015",Clio,2015,4.5
"Flor de Pingus 2015","Flor de Pingus",2015,4.5
"Parcela El Nogal Tinto 2015","Parcela El Nogal Tinto",2015,4.5
"Macan 2015",Macan,2015,4.5
"Priorat 2015",Priorat,2015,4.43076923076923
"Reserva 2015",Reserva,2015,4.3538461538461535
"Aro 2015",Aro,2015,4.5
"Pago de Santa Cruz 2015","Pago de Santa Cruz",2015,4.5
"Culmen Reserva Rioja 2015","Culmen Reserva Rioja",2015,4.433333333333334
"Petit Verdot 2015","Petit Verdot",2015,4.466666666666667
"Millenium Gran Reserva 2015","Millenium Gran Reserva",2015,4.5
"Gran Reserva Ribera del Duero 2015","Gran Reserva Ribera del Duero",2015,4.4
"Seleccio Especial Vinyes Velles 2015","Seleccio Especial Vinyes Velles",2015,4.4
"Ribera del Duero Prestigio 2015","Ribera del Duero Prestigio",2015,4.55
"Grans Muralles 2015","Grans Muralles",2015,4.42
"Reserva Especial Ribera del Duero 2015","Reserva Especial Ribera del Duero",2015,4.55
"Amancio 2015",Amancio,2015,4.485714285714286
"Regina Vides Ribera del Duero 2015","Regina Vides Ribera del Duero",2015,4.455555555555555
"Finca Los Hoyales Ribera del Duero 2015","Finca Los Hoyales Ribera del Duero",2015,4.45
"Pesus Ribera del Duero 2015","Pesus Ribera del Duero",2015,4.525
"Parcela El Picon Tinto 2015","Parcela El Picon Tinto",2015,4.616666666666666
"Seleccion Rioja 2015","Seleccion Rioja",2015,4.45
"Acediano 2015",Acediano,2015,4.425
"Les Aubaguetes Priorat 2015","Les Aubaguetes Priorat",2015,4.55
"Dalmau Rioja 2015","Dalmau Rioja",2015,4.43
"Mironia Black Edition Tempranillo 2015","Mironia Black Edition Tempranillo",2015,4.5
"La Creu Alta 2015","La Creu Alta",2015,4.574999999999999
"Prado Enea Gran Reserva 2015","Prado Enea Gran Reserva",2015,4.385714285714286
"Alma Tobia Rioja 2015","Alma Tobia Rioja",2015,4.5
"El Carretil 2015","El Carretil",2015,4.466666666666668
"Finca El Canto 2015","Finca El Canto",2015,4.5
"Seleccion Especial 2015","Seleccion Especial",2015,4.333333333333333
"Nebro Ribera del Duero 2015","Nebro Ribera del Duero",2015,4.4
"La Faraona Bierzo (Corullon) 2015","La Faraona Bierzo (Corullon)",2015,4.633333333333333
"Finca Garbet 2015","Finca Garbet",2015,4.55
"Vina Ardanza Reserva 2015","Vina Ardanza Reserva",2015,4.2749999999999995
"Roda I Reserva Rioja 2015","Roda I Reserva Rioja",2015,4.372727272727271
"Hacienda Pradolagar 2015","Hacienda Pradolagar",2015,4.4
"VS 2015",VS,2015,4.475
"Reserva Privada Rioja 2015","Reserva Privada Rioja",2015,4.35
"Baron de Chirel Rioja Reserva 2015","Baron de Chirel Rioja Reserva",2015,4.3999999999999995
"Rejon Tempranillo 2015","Rejon Tempranillo",2015,4.3500000000000005
"Torre Muga 2015","Torre Muga",2015,4.366666666666666
"Gaudium 2015",Gaudium,2015,4.383333333333334
"Edicion Limitada 2015","Edicion Limitada",2015,4.4
"Clos Martinet 2015","Clos Martinet",2015,4.34
"Cerrado del Castillo Rioja 2015","Cerrado del Castillo Rioja",2015,4.5
"Casa Cisca Monastrell 2015","Casa Cisca Monastrell",2015,4.3999999999999995
"La Poza de Ballesteros 2015","La Poza de Ballesteros",2015,4.4333333333333345
"Millenium Reserva 2015","Millenium Reserva",2015,4.45
"Vina del Olivo 2015","Vina del Olivo",2015,4.416666666666667
"El Cel 2015","El Cel",2015,4.4
"Pago de Santa Cruz Gran Reserva Ribera del Duero 2015","Pago de Santa Cruz Gran Reserva Ribera del Duero",2015,4.45
"Doix 2015",Doix,2015,4.385714285714285
"Teixar 2015",Teixar,2015,4.4
"Les Manyes 2015","Les Manyes",2015,4.316666666666667
"Castillo de Monte la Reina Cuvee Privee 2015","Castillo de Monte la Reina Cuvee Privee",2015,4.4
"Maria Ribera del Duero 2015","Maria Ribera del Duero",2015,4.4
"Les Eres Vinyes Velles 2015","Les Eres Vinyes Velles",2015,4.4
"Finca Butaros Vinya Centenaria 2015","Finca Butaros Vinya Centenaria",2015,4.4
"Emporda Gran Claustro 2015","Emporda Gran Claustro",2015,4.4
"Guarda de Leda Seleccion Tempranillo 2015","Guarda de Leda Seleccion Tempranillo",2015,4.4
"Summa Edicion Limitada 2015","Summa Edicion Limitada",2015,4.4
"Gran Reserva 2015","Gran Reserva",2015,4.384210526315789
"Perez Pascuas Gran Reserva Seleccion 2015","Perez Pascuas Gran Reserva Seleccion",2015,4.35
"Alto de la Caseta 2015","Alto de la Caseta",2015,4.35
"Serral del Vell Brut Nature 2015","Serral del Vell Brut Nature",2015,4.4
"Singular Negre 2015","Singular Negre",2015,4.4
"Martires Rioja 2015","Martires Rioja",2015,4.4
"Marti Reserva Penedes 2015","Marti Reserva Penedes",2015,4.4
"Vina Ardanza Reserva Seleccion Especial 2015","Vina Ardanza Reserva Seleccion Especial",2015,4.4
"Finca Helena 2015","Finca Helena",2015,4.4
"Noble 2015",Noble,2015,4.4
"Vina Garugele 2015","Vina Garugele",2015,4.4
"Los Dominios de Berceo Prefiloxerico 2015","Los Dominios de Berceo Prefiloxerico",2015,4.4
"Vina Arana Gran Reserva 2015","Vina Arana Gran Reserva",2015,4.333333333333333
"Vobiscum 2015",Vobiscum,2015,4.4
"Zona Zepa Monastrell 2015","Zona Zepa Monastrell",2015,4.4
"Garnacha Vinas Centenarias 2015","Garnacha Vinas Centenarias",2015,4.4
"Silvanus Edicion Limitada Ribera del Duero 2015","Silvanus Edicion Limitada Ribera del Duero",2015,4.4
"Seleccion Especial (Reserva) 2015","Seleccion Especial (Reserva)",2015,4.25
"Mas La Plana Cabernet Sauvignon 2015","Mas La Plana Cabernet Sauvignon",2015,4.233333333333333
"Numanthia 2015",Numanthia,2015,4.266666666666667
"Ribera del Duero Una Cepa I 2015","Ribera del Duero Una Cepa I",2015,4.375
"Belondrade y Lurton 2015","Belondrade y Lurton",2015,4.45
"El Puntido 2015","El Puntido",2015,4.266666666666667
"Pago Valdebellon 2015","Pago Valdebellon",2015,4.324999999999999
"Finca Martelo 2015","Finca Martelo",2015,4.3
"Pago Negralada 2015","Pago Negralada",2015,4.38
"Rioja Gran Reserva 2015","Rioja Gran Reserva",2015,4.3
